f002_oldfemale-word-whänau-R002M-02b whänau
f002_oldfemale-word-whänau-R002M-05a whänau
f002_oldfemale-word-whänau-R002M-05b whänau
f002_oldfemale-word-whänau-R002M-09 whänau
f002_oldfemale-word-whänau-R002M-13a whänau
f002_oldfemale-word-whänau-R002M-13b whänau
f002_oldfemale-word-whänau-R002M-13c whänau
f002_oldfemale-word-wä-R002M-02 wä
f002_oldfemale-word-wä-R002M-03 wä
f002_oldfemale-word-wä-R002M-04a1 wä
f002_oldfemale-word-wä-R002M-04a2 wä
f002_oldfemale-word-wähi-R002M-02a wähi
f002_oldfemale-word-wähi-R002M-02b wähi
f002_oldfemale-word-wähi-R002M-13 wähi
f003_oldfemale-word-aroha-R003M-04 aroha
f003_oldfemale-word-awa-R003M-11a awa
f003_oldfemale-word-awa-R003M-11b awa
f003_oldfemale-word-awa-R003M-11c awa
f003_oldfemale-word-e_noho-R003M-07 e_noho
f003_oldfemale-word-e_noho-R003M-10 e_noho
f003_oldfemale-word-e_noho-R003M-11 e_noho
f003_oldfemale-word-haere_mai-R003M-07 haere_mai
f003_oldfemale-word-haere_mai-R003M-10 haere_mai
f003_oldfemale-word-haere_mai-R003M-12a haere_mai
f003_oldfemale-word-haere_mai-R003M-12b haere_mai
f003_oldfemale-word-hau-R003M hau
f003_oldfemale-word-hei-R003M hei
f003_oldfemale-word-hoe-R003M hoe
f003_oldfemale-word-hoihoi-R003M hoihoi
f003_oldfemale-word-hou-R003M hou
f003_oldfemale-word-hë-R003M hë
f003_oldfemale-word-hï-R003M hï
f003_oldfemale-word-iwa-R003M-10 iwa
f003_oldfemale-word-iwi-R003M-11 iwi
f003_oldfemale-word-karakia-R003M-11a karakia
f003_oldfemale-word-karakia-R003M-11b karakia
f003_oldfemale-word-kei-R003M kei
f003_oldfemale-word-kuia-R003M-04 kuia
f003_oldfemale-word-käinga-R003M-02 käinga
f003_oldfemale-word-käinga-R003M-11 käinga
f003_oldfemale-word-kë-R003M kë
f003_oldfemale-word-kï-R003M kï
f003_oldfemale-word-körero-R003M-04 körero
f003_oldfemale-word-körero-R003M-05 körero
f003_oldfemale-word-mao-R003M mao
f003_oldfemale-word-marae-R003M-02 marae
f003_oldfemale-word-matariki-R003M-11 matariki
f003_oldfemale-word-matiu-R003M matiu
f003_oldfemale-word-mau-R003M mau
f003_oldfemale-word-mihi-R003M-04 mihi
f003_oldfemale-word-mokopuna-R003M-07a mokopuna
f003_oldfemale-word-mokopuna-R003M-07b mokopuna
f003_oldfemale-word-mokopuna-R003M-07c mokopuna
f003_oldfemale-word-moutere-R003M moutere
f003_oldfemale-word-mäori-R003M-02 mäori
f003_oldfemale-word-mäori-R003M-05 mäori
f003_oldfemale-word-mätao-R003M mätao
f003_oldfemale-word-mätau-R003M mätau
f003_oldfemale-word-mätou-R003M mätou
f003_oldfemale-word-pae-R003M pae
f003_oldfemale-word-pai-R003M pai
f003_oldfemale-word-pao-R003M pao
f003_oldfemale-word-pau-R003M pau
f003_oldfemale-word-pou-R003M pou
f003_oldfemale-word-pö-R003M pö
f003_oldfemale-word-rua-R003M-05 rua
f003_oldfemale-word-tahi-R003M-07 tahi
f003_oldfemale-word-tai-R003M tai
f003_oldfemale-word-tamariki-R003M-06 tamariki
f003_oldfemale-word-tamariki-R003M-08 tamariki
f003_oldfemale-word-tamariki-R003M-10 tamariki
f003_oldfemale-word-tamariki-R003M-11a tamariki
f003_oldfemale-word-tamariki-R003M-11b tamariki
f003_oldfemale-word-tamariki-R003M-12 tamariki
f003_oldfemale-word-tangi-R003M-03 tangi
f003_oldfemale-word-tauhou-R003M-11 tauhou
f003_oldfemale-word-tekau-R003M-08 tekau
f003_oldfemale-word-toetoe-R003M toetoe
f003_oldfemale-word-toi-R003M toi
f003_oldfemale-word-toru-R003M-12 toru
f003_oldfemale-word-täne-R003M täne
f003_oldfemale-word-tënei-R003M tënei
f003_oldfemale-word-tïmata-R003M-03 tïmata
f003_oldfemale-word-tïmata-R003M-04 tïmata
f003_oldfemale-word-tïmata-R003M-11 tïmata
f003_oldfemale-word-tü-R003M tü
f003_oldfemale-word-türanga-R003M-03 türanga
f003_oldfemale-word-türanga-R003M-05 türanga
f003_oldfemale-word-türanga-R003M-06 türanga
f003_oldfemale-word-türanga-R003M-07 türanga
f003_oldfemale-word-türanga-R003M-10a türanga
f003_oldfemale-word-türanga-R003M-10b türanga
f003_oldfemale-word-türanga-R003M-10c türanga
f003_oldfemale-word-türanga-R003M-12 türanga
f003_oldfemale-word-waka-R003M-06 waka
f003_oldfemale-word-waru-R003M-06 waru
f003_oldfemale-word-waru-R003M-07 waru
f003_oldfemale-word-waru-R003M-12a waru
f003_oldfemale-word-waru-R003M-12b waru
f003_oldfemale-word-whitu-R003M-04a whitu
f003_oldfemale-word-whitu-R003M-04b whitu
f003_oldfemale-word-whitu-R003M-10a whitu
f003_oldfemale-word-whitu-R003M-10b whitu
f003_oldfemale-word-whä-R003M-03 whä
f003_oldfemale-word-whä-R003M-04 whä
f003_oldfemale-word-whä-R003M-05a whä
f003_oldfemale-word-whä-R003M-05b whä
f003_oldfemale-word-whä-R003M-09 whä
f003_oldfemale-word-whä-R003M-12 whä
f003_oldfemale-word-wä-R003M-02 wä
f003_oldfemale-word-wä-R003M-06a wä
f003_oldfemale-word-wä-R003M-06b wä
f003_oldfemale-word-wähi-R003M-09 wähi
f003_oldfemale-word-wähi-R003M-11 wähi
f004_oldfemale-word-aroha-R004M-14a aroha
f004_oldfemale-word-aroha-R004M-14b aroha
f004_oldfemale-word-awa-R004M-12 awa
f004_oldfemale-word-e_noho-R004M-03 e_noho
f004_oldfemale-word-e_noho-R004M-12 e_noho
f004_oldfemale-word-haere_mai-R004M-06a haere_mai
f004_oldfemale-word-haere_mai-R004M-06b haere_mai
f004_oldfemale-word-hau-R004M hau
f004_oldfemale-word-hei-R004M hei
f004_oldfemale-word-hoe-R004M hoe
f004_oldfemale-word-hoihoi-R004M hoihoi
f004_oldfemale-word-hou-R004M hou
f004_oldfemale-word-hë-R004M hë
f004_oldfemale-word-hï-R004M hï
f004_oldfemale-word-iwi-R004M-05a1 iwi
f004_oldfemale-word-iwi-R004M-05a2 iwi
f004_oldfemale-word-iwi-R004M-05a3 iwi
f004_oldfemale-word-iwi-R004M-12 iwi
f004_oldfemale-word-karakia-R004M-02a karakia
f004_oldfemale-word-karakia-R004M-02b karakia
f004_oldfemale-word-karakia-R004M-02c karakia
f004_oldfemale-word-karakia-R004M-03a karakia
f004_oldfemale-word-karakia-R004M-03b karakia
f004_oldfemale-word-karakia-R004M-03c karakia
f004_oldfemale-word-karakia-R004M-07 karakia
f004_oldfemale-word-karakia-R004M-12 karakia
f004_oldfemale-word-kaumätua-R004M-12 kaumätua
f004_oldfemale-word-kei-R004M kei
f004_oldfemale-word-käinga-R004M-02a1 käinga
f004_oldfemale-word-käinga-R004M-02a2 käinga
f004_oldfemale-word-kë-R004M kë
f004_oldfemale-word-kï-R004M kï
f004_oldfemale-word-körero-R004M-02 körero
f004_oldfemale-word-körero-R004M-05 körero
f004_oldfemale-word-körero-R004M-09 körero
f004_oldfemale-word-körero-R004M-10 körero
f004_oldfemale-word-mao-R004M mao
f004_oldfemale-word-matariki-R004M-12 matariki
f004_oldfemale-word-matiu-R004M matiu
f004_oldfemale-word-mau-R004M mau
f004_oldfemale-word-moutere-R004M moutere
f004_oldfemale-word-mäori-R004M-02a mäori
