ym005 ym005_youngmale-word-aroha-L1Y05M-11 ym005_youngmale-word-awa-L1Y05M-10a ym005_youngmale-word-awa-L1Y05M-10b ym005_youngmale-word-awa-L1Y05M-10c ym005_youngmale-word-e_noho-L1Y05M-03a ym005_youngmale-word-e_noho-L1Y05M-03b ym005_youngmale-word-e_noho-L1Y05M-06a ym005_youngmale-word-e_noho-L1Y05M-06b ym005_youngmale-word-e_noho-L1Y05M-08a ym005_youngmale-word-e_noho-L1Y05M-08b ym005_youngmale-word-e_noho-L1Y05M-09a ym005_youngmale-word-e_noho-L1Y05M-09b ym005_youngmale-word-e_noho-L1Y05M-09c ym005_youngmale-word-haere_mai-L1Y05M-02 ym005_youngmale-word-haere_mai-L1Y05M-06 ym005_youngmale-word-haere_mai-L1Y05M-07a ym005_youngmale-word-haere_mai-L1Y05M-07b ym005_youngmale-word-hau-L1Y05M ym005_youngmale-word-hei-L1Y05M ym005_youngmale-word-hoe-L1Y05M ym005_youngmale-word-hoihoi-L1Y05M ym005_youngmale-word-hou-L1Y05M ym005_youngmale-word-hë-L1Y05M ym005_youngmale-word-hï-L1Y05M ym005_youngmale-word-iwa-L1Y05M-02a ym005_youngmale-word-iwa-L1Y05M-02b ym005_youngmale-word-iwa-L1Y05M-03a ym005_youngmale-word-iwa-L1Y05M-03b1 ym005_youngmale-word-iwa-L1Y05M-03b2 ym005_youngmale-word-iwa-L1Y05M-07 ym005_youngmale-word-karakia-L1Y05M-09 ym005_youngmale-word-kei-L1Y05M ym005_youngmale-word-kia_ora-L1Y05M-01 ym005_youngmale-word-kuia-L1Y05M-01 ym005_youngmale-word-kuia-L1Y05M-02 ym005_youngmale-word-kuia-L1Y05M-07a ym005_youngmale-word-kuia-L1Y05M-07b ym005_youngmale-word-kuia-L1Y05M-07c ym005_youngmale-word-kuia-L1Y05M-08a ym005_youngmale-word-kuia-L1Y05M-08b ym005_youngmale-word-käinga-L1Y05M-11a ym005_youngmale-word-käinga-L1Y05M-11b ym005_youngmale-word-kë-L1Y05M ym005_youngmale-word-kï-L1Y05M ym005_youngmale-word-körero-L1Y05M-01 ym005_youngmale-word-körero-L1Y05M-03 ym005_youngmale-word-körero-L1Y05M-04 ym005_youngmale-word-körero-L1Y05M-08 ym005_youngmale-word-mao-L1Y05M ym005_youngmale-word-marae-L1Y05M-04 ym005_youngmale-word-matariki-L1Y05M-09 ym005_youngmale-word-matiu-L1Y05M ym005_youngmale-word-mau-L1Y05M ym005_youngmale-word-maunga-L1Y05M-11 ym005_youngmale-word-mihi-L1Y05M-02a ym005_youngmale-word-mihi-L1Y05M-02b ym005_youngmale-word-mihi-L1Y05M-05a ym005_youngmale-word-mihi-L1Y05M-05b ym005_youngmale-word-moana-L1Y05M-01 ym005_youngmale-word-mokopuna-L1Y05M-07a ym005_youngmale-word-mokopuna-L1Y05M-07b ym005_youngmale-word-mokopuna-L1Y05M-07c ym005_youngmale-word-mokopuna-L1Y05M-07d ym005_youngmale-word-mokopuna-L1Y05M-07e ym005_youngmale-word-mokopuna-L1Y05M-08a ym005_youngmale-word-mokopuna-L1Y05M-08b ym005_youngmale-word-moutere-L1Y05M ym005_youngmale-word-mäori-L1Y05M-01a ym005_youngmale-word-mäori-L1Y05M-01b ym005_youngmale-word-mäori-L1Y05M-01d ym005_youngmale-word-mäori-L1Y05M-02 ym005_youngmale-word-mäori-L1Y05M-03 ym005_youngmale-word-mäori-L1Y05M-05a ym005_youngmale-word-mäori-L1Y05M-05b ym005_youngmale-word-mätao-L1Y05M ym005_youngmale-word-mätau-L1Y05M ym005_youngmale-word-mätou-L1Y05M ym005_youngmale-word-ono-L1Y05M-02 ym005_youngmale-word-ono-L1Y05M-07 ym005_youngmale-word-pae-L1Y05M ym005_youngmale-word-pai-L1Y05M ym005_youngmale-word-pao-L1Y05M ym005_youngmale-word-pau-L1Y05M ym005_youngmale-word-pou-L1Y05M ym005_youngmale-word-puku-L1Y05M-09 ym005_youngmale-word-pö-L1Y05M ym005_youngmale-word-rima-L1Y05M-02 ym005_youngmale-word-rima-L1Y05M-07a ym005_youngmale-word-rima-L1Y05M-07b ym005_youngmale-word-rima-L1Y05M-09 ym005_youngmale-word-rua-L1Y05M-04 ym005_youngmale-word-rua-L1Y05M-05a1 ym005_youngmale-word-rua-L1Y05M-05a2 ym005_youngmale-word-rua-L1Y05M-07a1 ym005_youngmale-word-rua-L1Y05M-07a2 ym005_youngmale-word-rua-L1Y05M-08a ym005_youngmale-word-rua-L1Y05M-08b ym005_youngmale-word-rua-L1Y05M-08c1 ym005_youngmale-word-rua-L1Y05M-08c2 ym005_youngmale-word-rua-L1Y05M-08d ym005_youngmale-word-rua-L1Y05M-09 ym005_youngmale-word-rua-L1Y05M-11 ym005_youngmale-word-tae-L1Y05M ym005_youngmale-word-tahi-L1Y05M-02 ym005_youngmale-word-tahi-L1Y05M-03 ym005_youngmale-word-tahi-L1Y05M-08 ym005_youngmale-word-tai-L1Y05M ym005_youngmale-word-tamariki-L1Y05M-01 ym005_youngmale-word-tamariki-L1Y05M-07 ym005_youngmale-word-tamariki-L1Y05M-09a1 ym005_youngmale-word-tamariki-L1Y05M-09a2 ym005_youngmale-word-tamariki-L1Y05M-09b ym005_youngmale-word-tamariki-L1Y05M-10a ym005_youngmale-word-tamariki-L1Y05M-10b ym005_youngmale-word-tauhou-L1Y05M-09 ym005_youngmale-word-tekau-L1Y05M-02a ym005_youngmale-word-tekau-L1Y05M-02b ym005_youngmale-word-tekau-L1Y05M-03a ym005_youngmale-word-tekau-L1Y05M-03b ym005_youngmale-word-tekau-L1Y05M-03c ym005_youngmale-word-tekau-L1Y05M-03d ym005_youngmale-word-tekau-L1Y05M-06 ym005_youngmale-word-tekau-L1Y05M-07 ym005_youngmale-word-tikanga-L1Y05M-01 ym005_youngmale-word-tikanga-L1Y05M-02 ym005_youngmale-word-tikanga-L1Y05M-11a1 ym005_youngmale-word-tikanga-L1Y05M-11a2 ym005_youngmale-word-toetoe-L1Y05M ym005_youngmale-word-toi-L1Y05M ym005_youngmale-word-toru-L1Y05M-03 ym005_youngmale-word-toru-L1Y05M-06 ym005_youngmale-word-toru-L1Y05M-09 ym005_youngmale-word-täne-L1Y05M ym005_youngmale-word-tënei-L1Y05M ym005_youngmale-word-tënä_koe-L1Y05M-08 ym005_youngmale-word-tïmata-L1Y05M-09a ym005_youngmale-word-tïmata-L1Y05M-09b ym005_youngmale-word-tïmata-L1Y05M-09c ym005_youngmale-word-tü-L1Y05M ym005_youngmale-word-waewae-L1Y05M-09 ym005_youngmale-word-waiata-L1Y05M-04 ym005_youngmale-word-waiata-L1Y05M-09 ym005_youngmale-word-waiata-L1Y05M-11a ym005_youngmale-word-waiata-L1Y05M-11b ym005_youngmale-word-waiata-L1Y05M-11c ym005_youngmale-word-waiata-L1Y05M-11d ym005_youngmale-word-waiata-L1Y05M-11e ym005_youngmale-word-waiata-L1Y05M-12a ym005_youngmale-word-waiata-L1Y05M-12b1 ym005_youngmale-word-waiata-L1Y05M-12b2 ym005_youngmale-word-waka-L1Y05M-03 ym005_youngmale-word-waka-L1Y05M-06 ym005_youngmale-word-waka-L1Y05M-07 ym005_youngmale-word-waka-L1Y05M-11 ym005_youngmale-word-waru-L1Y05M-09 ym005_youngmale-word-waru-L1Y05M-10 ym005_youngmale-word-waru-L1Y05M-11 ym005_youngmale-word-whare-L1Y05M-02 ym005_youngmale-word-whare-L1Y05M-04 ym005_youngmale-word-whä-L1Y05M-04 ym005_youngmale-word-whä-L1Y05M-06 ym005_youngmale-word-whä-L1Y05M-08 ym005_youngmale-word-whänau-L1Y05M-06 ym005_youngmale-word-whänau-L1Y05M-10a1 ym005_youngmale-word-whänau-L1Y05M-10a2 ym005_youngmale-word-whänau-L1Y05M-10b ym005_youngmale-word-wä-L1Y05M-02 ym005_youngmale-word-wä-L1Y05M-04 ym005_youngmale-word-wä-L1Y05M-06 ym005_youngmale-word-wä-L1Y05M-08a1 ym005_youngmale-word-wä-L1Y05M-08a2 ym005_youngmale-word-wä-L1Y05M-09 ym005_youngmale-word-wähi-L1Y05M-01 ym005_youngmale-word-wähi-L1Y05M-02
ym006 ym006_youngmale-word-iwa-L2Y01M-05 ym006_youngmale-word-ka_pai-L2Y01M-03 ym006_youngmale-word-kia_ora-L2Y01M-09 ym006_youngmale-word-marae-L2Y01M-01 ym006_youngmale-word-marae-L2Y01M-02a ym006_youngmale-word-marae-L2Y01M-02b ym006_youngmale-word-puku-L2Y01M-05 ym006_youngmale-word-rima-L2Y01M-03 ym006_youngmale-word-rima-L2Y01M-05 ym006_youngmale-word-tënä_koe-L2Y01M-01 ym006_youngmale-word-whä-L2Y01M-06a ym006_youngmale-word-whä-L2Y01M-06b
ym007 ym007_youngmale-word-e_noho-L2Y02M-05a ym007_youngmale-word-e_noho-L2Y02M-05b ym007_youngmale-word-e_noho-L2Y02M-05c ym007_youngmale-word-iwa-L2Y02M-01a ym007_youngmale-word-iwa-L2Y02M-01b ym007_youngmale-word-iwi-L2Y02M-07 ym007_youngmale-word-kaumätua-L2Y02M-03 ym007_youngmale-word-kete-L2Y02M-05 ym007_youngmale-word-kuia-L2Y02M-02 ym007_youngmale-word-kuia-L2Y02M-03 ym007_youngmale-word-kuia-L2Y02M-05 ym007_youngmale-word-käinga-L2Y02M-02a ym007_youngmale-word-käinga-L2Y02M-02b ym007_youngmale-word-käinga-L2Y02M-02c1 ym007_youngmale-word-käinga-L2Y02M-02c2 ym007_youngmale-word-körero-L2Y02M-02 ym007_youngmale-word-körero-L2Y02M-03 ym007_youngmale-word-körero-L2Y02M-04 ym007_youngmale-word-körero-L2Y02M-05 ym007_youngmale-word-mäori-L2Y02M-01 ym007_youngmale-word-mäori-L2Y02M-02a ym007_youngmale-word-mäori-L2Y02M-02b ym007_youngmale-word-mäori-L2Y02M-02c ym007_youngmale-word-mäori-L2Y02M-02d ym007_youngmale-word-mäori-L2Y02M-02e ym007_youngmale-word-mäori-L2Y02M-06a ym007_youngmale-word-mäori-L2Y02M-06b ym007_youngmale-word-pöwhiri-L2Y02M-04 ym007_youngmale-word-rima-L2Y02M-02 ym007_youngmale-word-rua-L2Y02M-01 ym007_youngmale-word-rua-L2Y02M-02 ym007_youngmale-word-rua-L2Y02M-04 ym007_youngmale-word-rua-L2Y02M-05 ym007_youngmale-word-rua-L2Y02M-06 ym007_youngmale-word-rua-L2Y02M-07 ym007_youngmale-word-tahi-L2Y02M-01 ym007_youngmale-word-tahi-L2Y02M-03a ym007_youngmale-word-tahi-L2Y02M-03b ym007_youngmale-word-tahi-L2Y02M-03c ym007_youngmale-word-tahi-L2Y02M-06 ym007_youngmale-word-tamariki-L2Y02M-01 ym007_youngmale-word-tamariki-L2Y02M-06 ym007_youngmale-word-tikanga-L2Y02M-01a ym007_youngmale-word-tikanga-L2Y02M-01b ym007_youngmale-word-tikanga-L2Y02M-02a ym007_youngmale-word-tikanga-L2Y02M-02b ym007_youngmale-word-tikanga-L2Y02M-06 ym007_youngmale-word-toru-L2Y02M-01a ym007_youngmale-word-toru-L2Y02M-01b ym007_youngmale-word-toru-L2Y02M-02 ym007_youngmale-word-tïmata-L2Y02M-03 ym007_youngmale-word-tïmata-L2Y02M-04 ym007_youngmale-word-türanga-L2Y02M-06 ym007_youngmale-word-wairua-L2Y02M-03 ym007_youngmale-word-whitu-L2Y02M-01 ym007_youngmale-word-whä-L2Y02M-01 ym007_youngmale-word-whä-L2Y02M-07a ym007_youngmale-word-whä-L2Y02M-07b ym007_youngmale-word-whänau-L2Y02M-01 ym007_youngmale-word-whänau-L2Y02M-03 ym007_youngmale-word-whänau-L2Y02M-04 ym007_youngmale-word-wä-L2Y02M-01a ym007_youngmale-word-wä-L2Y02M-01b ym007_youngmale-word-wä-L2Y02M-02 ym007_youngmale-word-wä-L2Y02M-05
ym008 ym008_youngmale-word-aroha-L2Y03M-07 ym008_youngmale-word-aroha-L2Y03M-10a ym008_youngmale-word-aroha-L2Y03M-10b ym008_youngmale-word-aroha-L2Y03M-11 ym008_youngmale-word-awa-L2Y03M-05a ym008_youngmale-word-awa-L2Y03M-05b ym008_youngmale-word-awa-L2Y03M-05c ym008_youngmale-word-e_noho-L2Y03M-05 ym008_youngmale-word-e_noho-L2Y03M-10 ym008_youngmale-word-haere_mai-L2Y03M-08 ym008_youngmale-word-iwi-L2Y03M-01 ym008_youngmale-word-karakia-L2Y03M-05a ym008_youngmale-word-karakia-L2Y03M-05b ym008_youngmale-word-kaumätua-L2Y03M-09a ym008_youngmale-word-kaumätua-L2Y03M-09b ym008_youngmale-word-kia_ora-L2Y03M-01 ym008_youngmale-word-käinga-L2Y03M-03 ym008_youngmale-word-käinga-L2Y03M-05 ym008_youngmale-word-käinga-L2Y03M-06 ym008_youngmale-word-käinga-L2Y03M-07a ym008_youngmale-word-käinga-L2Y03M-07b ym008_youngmale-word-käinga-L2Y03M-07c ym008_youngmale-word-käinga-L2Y03M-08a ym008_youngmale-word-käinga-L2Y03M-08b ym008_youngmale-word-käinga-L2Y03M-08c ym008_youngmale-word-käinga-L2Y03M-08d ym008_youngmale-word-käinga-L2Y03M-09a ym008_youngmale-word-käinga-L2Y03M-09b ym008_youngmale-word-körero-L2Y03M-02 ym008_youngmale-word-körero-L2Y03M-06 ym008_youngmale-word-körero-L2Y03M-07a ym008_youngmale-word-körero-L2Y03M-07b ym008_youngmale-word-marae-L2Y03M-07 ym008_youngmale-word-matariki-L2Y03M-05 ym008_youngmale-word-moana-L2Y03M-03 ym008_youngmale-word-mäori-L2Y03M-01a ym008_youngmale-word-mäori-L2Y03M-01b ym008_youngmale-word-mäori-L2Y03M-03a ym008_youngmale-word-mäori-L2Y03M-03b ym008_youngmale-word-mäori-L2Y03M-03c ym008_youngmale-word-mäori-L2Y03M-08 ym008_youngmale-word-mäori-L2Y03M-11 ym008_youngmale-word-puku-L2Y03M-08a1 ym008_youngmale-word-puku-L2Y03M-08a2 ym008_youngmale-word-rua-L2Y03M-10 ym008_youngmale-word-tamariki-L2Y03M-04a ym008_youngmale-word-tamariki-L2Y03M-04b ym008_youngmale-word-tamariki-L2Y03M-04c ym008_youngmale-word-tamariki-L2Y03M-05a ym008_youngmale-word-tamariki-L2Y03M-05b ym008_youngmale-word-tauhou-L2Y03M-05a ym008_youngmale-word-tauhou-L2Y03M-05b ym008_youngmale-word-tikanga-L2Y03M-03 ym008_youngmale-word-tïmata-L2Y03M-05 ym008_youngmale-word-türanga-L2Y03M-02a ym008_youngmale-word-türanga-L2Y03M-02b ym008_youngmale-word-waka-L2Y03M-06a ym008_youngmale-word-waka-L2Y03M-06b ym008_youngmale-word-waka-L2Y03M-06c ym008_youngmale-word-waka-L2Y03M-06d ym008_youngmale-word-waka-L2Y03M-06e ym008_youngmale-word-waka-L2Y03M-07 ym008_youngmale-word-waka-L2Y03M-10 ym008_youngmale-word-whare-L2Y03M-05 ym008_youngmale-word-whä-L2Y03M-07 ym008_youngmale-word-wä-L2Y03M-02 ym008_youngmale-word-wä-L2Y03M-03a ym008_youngmale-word-wä-L2Y03M-03b ym008_youngmale-word-wä-L2Y03M-06 ym008_youngmale-word-wä-L2Y03M-07a ym008_youngmale-word-wä-L2Y03M-07b
ym009 ym009_youngmale-word-aroha-L2Y04M-01 ym009_youngmale-word-awa-L2Y04M-11 ym009_youngmale-word-e_noho-L2Y04M-05 ym009_youngmale-word-e_noho-L2Y04M-11 ym009_youngmale-word-e_noho-L2Y04M-12 ym009_youngmale-word-haere_mai-L2Y04M-06 ym009_youngmale-word-iwi-L2Y04M-11 ym009_youngmale-word-karakia-L2Y04M-11 ym009_youngmale-word-käinga-L2Y04M-04 ym009_youngmale-word-körero-L2Y04M-04 ym009_youngmale-word-körero-L2Y04M-08a ym009_youngmale-word-körero-L2Y04M-08b ym009_youngmale-word-körero-L2Y04M-09 ym009_youngmale-word-marae-L2Y04M-05a ym009_youngmale-word-marae-L2Y04M-05b ym009_youngmale-word-matariki-L2Y04M-11 ym009_youngmale-word-moana-L2Y04M-07 ym009_youngmale-word-moana-L2Y04M-12 ym009_youngmale-word-mäori-L2Y04M-02 ym009_youngmale-word-mäori-L2Y04M-04 ym009_youngmale-word-mäori-L2Y04M-09 ym009_youngmale-word-mäori-L2Y04M-12 ym009_youngmale-word-ono-L2Y04M-05 ym009_youngmale-word-ono-L2Y04M-10 ym009_youngmale-word-rima-L2Y04M-03 ym009_youngmale-word-rima-L2Y04M-04a ym009_youngmale-word-rima-L2Y04M-04b ym009_youngmale-word-rima-L2Y04M-05 ym009_youngmale-word-rima-L2Y04M-10 ym009_youngmale-word-rua-L2Y04M-05 ym009_youngmale-word-rua-L2Y04M-06 ym009_youngmale-word-rua-L2Y04M-07 ym009_youngmale-word-rua-L2Y04M-08 ym009_youngmale-word-rua-L2Y04M-09 ym009_youngmale-word-rua-L2Y04M-10a ym009_youngmale-word-rua-L2Y04M-10b ym009_youngmale-word-rua-L2Y04M-10c ym009_youngmale-word-tahi-L2Y04M-05 ym009_youngmale-word-tahi-L2Y04M-09a ym009_youngmale-word-tahi-L2Y04M-09b ym009_youngmale-word-tahi-L2Y04M-10 ym009_youngmale-word-tamariki-L2Y04M-02 ym009_youngmale-word-tamariki-L2Y04M-05a ym009_youngmale-word-tamariki-L2Y04M-05b ym009_youngmale-word-tamariki-L2Y04M-06 ym009_youngmale-word-tamariki-L2Y04M-11a ym009_youngmale-word-tamariki-L2Y04M-11b ym009_youngmale-word-tauhou-L2Y04M-11 ym009_youngmale-word-tikanga-L2Y04M-03 ym009_youngmale-word-tikanga-L2Y04M-12 ym009_youngmale-word-toru-L2Y04M-02a ym009_youngmale-word-toru-L2Y04M-02b ym009_youngmale-word-toru-L2Y04M-03 ym009_youngmale-word-toru-L2Y04M-05 ym009_youngmale-word-toru-L2Y04M-07a ym009_youngmale-word-toru-L2Y04M-07b ym009_youngmale-word-toru-L2Y04M-10 ym009_youngmale-word-tïmata-L2Y04M-03 ym009_youngmale-word-tïmata-L2Y04M-04a ym009_youngmale-word-tïmata-L2Y04M-04b ym009_youngmale-word-tïmata-L2Y04M-11 ym009_youngmale-word-waka-L2Y04M-08 ym009_youngmale-word-waru-L2Y04M-02 ym009_youngmale-word-waru-L2Y04M-03 ym009_youngmale-word-whare-L2Y04M-02 ym009_youngmale-word-whitu-L2Y04M-02 ym009_youngmale-word-whä-L2Y04M-03a ym009_youngmale-word-whä-L2Y04M-03b ym009_youngmale-word-whä-L2Y04M-03c ym009_youngmale-word-whä-L2Y04M-05 ym009_youngmale-word-whä-L2Y04M-12 ym009_youngmale-word-whä-L2Y04M-14 ym009_youngmale-word-whänau-L2Y04M-11 ym009_youngmale-word-wä-L2Y04M-02 ym009_youngmale-word-wä-L2Y04M-03 ym009_youngmale-word-wä-L2Y04M-05
ym010 ym010_youngmale-word-aroha-L2Y05M-10 ym010_youngmale-word-aroha-L2Y05M-11 ym010_youngmale-word-awa-L2Y05M-01a ym010_youngmale-word-awa-L2Y05M-01b ym010_youngmale-word-awa-L2Y05M-07 ym010_youngmale-word-e_noho-L2Y05M-01 ym010_youngmale-word-e_noho-L2Y05M-02 ym010_youngmale-word-e_noho-L2Y05M-06 ym010_youngmale-word-hapü-L2Y05M-02 ym010_youngmale-word-iwa-L2Y05M-04a1 ym010_youngmale-word-iwa-L2Y05M-04a2 ym010_youngmale-word-iwi-L2Y05M-02a1 ym010_youngmale-word-iwi-L2Y05M-02a2 ym010_youngmale-word-iwi-L2Y05M-05a1 ym010_youngmale-word-iwi-L2Y05M-05a2 ym010_youngmale-word-iwi-L2Y05M-07 ym010_youngmale-word-karakia-L2Y05M-01 ym010_youngmale-word-karakia-L2Y05M-07a ym010_youngmale-word-karakia-L2Y05M-07b1 ym010_youngmale-word-karakia-L2Y05M-07b2 ym010_youngmale-word-kaumätua-L2Y05M-01 ym010_youngmale-word-kaumätua-L2Y05M-11 ym010_youngmale-word-kuia-L2Y05M-09 ym010_youngmale-word-kuia-L2Y05M-10a1 ym010_youngmale-word-kuia-L2Y05M-10a2 ym010_youngmale-word-käinga-L2Y05M-06a1 ym010_youngmale-word-käinga-L2Y05M-06a2 ym010_youngmale-word-körero-L2Y05M-02 ym010_youngmale-word-körero-L2Y05M-03a ym010_youngmale-word-körero-L2Y05M-03b ym010_youngmale-word-körero-L2Y05M-05 ym010_youngmale-word-marae-L2Y05M-02a ym010_youngmale-word-marae-L2Y05M-02b ym010_youngmale-word-marae-L2Y05M-02c ym010_youngmale-word-marae-L2Y05M-05 ym010_youngmale-word-matariki-L2Y05M-01 ym010_youngmale-word-maunga-L2Y05M-02 ym010_youngmale-word-moana-L2Y05M-02 ym010_youngmale-word-moana-L2Y05M-03 ym010_youngmale-word-mäori-L2Y05M-03a ym010_youngmale-word-mäori-L2Y05M-03b ym010_youngmale-word-mäori-L2Y05M-03c ym010_youngmale-word-mäori-L2Y05M-05 ym010_youngmale-word-mäori-L2Y05M-08 ym010_youngmale-word-mäori-L2Y05M-10a ym010_youngmale-word-mäori-L2Y05M-10b ym010_youngmale-word-pöwhiri-L2Y05M-02 ym010_youngmale-word-rima-L2Y05M-02 ym010_youngmale-word-rima-L2Y05M-10 ym010_youngmale-word-rima-L2Y05M-11 ym010_youngmale-word-rua-L2Y05M-02a ym010_youngmale-word-rua-L2Y05M-02b ym010_youngmale-word-rua-L2Y05M-02c ym010_youngmale-word-rua-L2Y05M-02d ym010_youngmale-word-rua-L2Y05M-04a ym010_youngmale-word-rua-L2Y05M-04b1 ym010_youngmale-word-rua-L2Y05M-04b2 ym010_youngmale-word-rua-L2Y05M-07a1 ym010_youngmale-word-rua-L2Y05M-07a2 ym010_youngmale-word-tahi-L2Y05M-02 ym010_youngmale-word-tahi-L2Y05M-09 ym010_youngmale-word-tauhou-L2Y05M-01 ym010_youngmale-word-toru-L2Y05M-02a ym010_youngmale-word-toru-L2Y05M-02b ym010_youngmale-word-toru-L2Y05M-05 ym010_youngmale-word-toru-L2Y05M-06 ym010_youngmale-word-tënä_koe-L2Y05M-02 ym010_youngmale-word-tïmata-L2Y05M-01 ym010_youngmale-word-tïmata-L2Y05M-04 ym010_youngmale-word-türanga-L2Y05M-02 ym010_youngmale-word-waewae-L2Y05M-11 ym010_youngmale-word-whä-L2Y05M-06a ym010_youngmale-word-whä-L2Y05M-06b ym010_youngmale-word-whä-L2Y05M-08
