m007 m007_oldmale-word-tahi-K007M-13 m007_oldmale-word-tai-K007M m007_oldmale-word-tangi-K007M-14 m007_oldmale-word-taringa-K007M-08a m007_oldmale-word-taringa-K007M-08b m007_oldmale-word-tauhou-K007M-10 m007_oldmale-word-toetoe-K007M m007_oldmale-word-toi-K007M m007_oldmale-word-toru-K007M-01 m007_oldmale-word-täne-K007M m007_oldmale-word-tënei-K007M m007_oldmale-word-tü-K007M m007_oldmale-word-waewae-K007M-06 m007_oldmale-word-waewae-K007M-13 m007_oldmale-word-waiata-K007M-10 m007_oldmale-word-waru-K007M-03 m007_oldmale-word-waru-K007M-06 m007_oldmale-word-waru-K007M-12 m007_oldmale-word-whare-K007M-01 m007_oldmale-word-whare-K007M-05a1 m007_oldmale-word-whare-K007M-05a2 m007_oldmale-word-whare-K007M-05b m007_oldmale-word-whare-K007M-06 m007_oldmale-word-whitu-K007M-06 m007_oldmale-word-whitu-K007M-12 m007_oldmale-word-whänau-K007M-09 m007_oldmale-word-wä-K007M-01a1 m007_oldmale-word-wä-K007M-01a2 m007_oldmale-word-wä-K007M-01b m007_oldmale-word-wä-K007M-02a m007_oldmale-word-wä-K007M-02b m007_oldmale-word-wä-K007M-03
m008 m008_oldmale-word-awa-K008M-01 m008_oldmale-word-awa-K008M-09a m008_oldmale-word-awa-K008M-09b m008_oldmale-word-awa-K008M-09c m008_oldmale-word-hei-K008M m008_oldmale-word-hoe-K008M m008_oldmale-word-hoihoi-K008M m008_oldmale-word-hë-K008M m008_oldmale-word-hï-K008M m008_oldmale-word-iwa-K008M-06 m008_oldmale-word-iwa-K008M-07 m008_oldmale-word-karakia-K008M-06a m008_oldmale-word-karakia-K008M-06b m008_oldmale-word-kaumätua-K008M-01 m008_oldmale-word-kaumätua-K008M-06 m008_oldmale-word-kei-K008M m008_oldmale-word-kë-K008M m008_oldmale-word-kï-K008M m008_oldmale-word-mao-K008M m008_oldmale-word-marae-K008M-04 m008_oldmale-word-marae-K008M-06 m008_oldmale-word-matariki-K008M-09 m008_oldmale-word-matiu-K008M m008_oldmale-word-mau-K008M m008_oldmale-word-mihi-K008M-04a m008_oldmale-word-mihi-K008M-04b m008_oldmale-word-mihi-K008M-04c m008_oldmale-word-mihi-K008M-04d m008_oldmale-word-mihi-K008M-04e m008_oldmale-word-moana-K008M-01 m008_oldmale-word-moutere-K008M m008_oldmale-word-mäori-K008M-04 m008_oldmale-word-mäori-K008M-08 m008_oldmale-word-mätao-K008M m008_oldmale-word-mätau-K008M m008_oldmale-word-mätou-K008M m008_oldmale-word-pae-K008M m008_oldmale-word-pai-K008M m008_oldmale-word-pao-K008M m008_oldmale-word-pau-K008M m008_oldmale-word-pou-K008M m008_oldmale-word-pö-K008M m008_oldmale-word-rima-K008M-03 m008_oldmale-word-rima-K008M-05 m008_oldmale-word-tae-K008M m008_oldmale-word-tai-K008M m008_oldmale-word-tangi-K008M-05 m008_oldmale-word-tikanga-K008M-02 m008_oldmale-word-tikanga-K008M-03 m008_oldmale-word-tikanga-K008M-04 m008_oldmale-word-tikanga-K008M-08 m008_oldmale-word-toetoe-K008M m008_oldmale-word-toi-K008M m008_oldmale-word-täne-K008M m008_oldmale-word-tënei-K008M m008_oldmale-word-tü-K008M m008_oldmale-word-waiata-K008M-10 m008_oldmale-word-waka-K008M-06 m008_oldmale-word-whitu-K008M-06a m008_oldmale-word-whitu-K008M-06b m008_oldmale-word-whitu-K008M-07
m009 m009_oldmale-word-awa-K009M-06a m009_oldmale-word-awa-K009M-06b m009_oldmale-word-awa-K009M-07a m009_oldmale-word-awa-K009M-12 m009_oldmale-word-e_noho-K009M-01 m009_oldmale-word-e_noho-K009M-03a m009_oldmale-word-e_noho-K009M-03b m009_oldmale-word-e_noho-K009M-03c m009_oldmale-word-e_noho-K009M-03d m009_oldmale-word-e_noho-K009M-05 m009_oldmale-word-e_noho-K009M-06 m009_oldmale-word-e_noho-K009M-12 m009_oldmale-word-haere_mai-K009M-04 m009_oldmale-word-haere_mai-K009M-05 m009_oldmale-word-haere_mai-K009M-07a m009_oldmale-word-haere_mai-K009M-07b m009_oldmale-word-haere_mai-K009M-12a m009_oldmale-word-haere_mai-K009M-12b m009_oldmale-word-hapü-K009M-01a m009_oldmale-word-hapü-K009M-01b m009_oldmale-word-hapü-K009M-01c m009_oldmale-word-hapü-K009M-01d m009_oldmale-word-hapü-K009M-01e m009_oldmale-word-hapü-K009M-02 m009_oldmale-word-hapü-K009M-05a m009_oldmale-word-hapü-K009M-05b m009_oldmale-word-hapü-K009M-12 m009_oldmale-word-hau-K009M m009_oldmale-word-hei-K009M m009_oldmale-word-hoe-K009M m009_oldmale-word-hoihoi-K009M m009_oldmale-word-hou-K009M m009_oldmale-word-hë-K009M m009_oldmale-word-hï-K009M m009_oldmale-word-iwi-K009M-05a m009_oldmale-word-iwi-K009M-05b m009_oldmale-word-iwi-K009M-05c m009_oldmale-word-iwi-K009M-05d m009_oldmale-word-iwi-K009M-09a m009_oldmale-word-iwi-K009M-09b m009_oldmale-word-iwi-K009M-11 m009_oldmale-word-iwi-K009M-13 m009_oldmale-word-karakia-K009M-06a m009_oldmale-word-karakia-K009M-06b m009_oldmale-word-karanga-K009M-11 m009_oldmale-word-kaumätua-K009M-11a m009_oldmale-word-kaumätua-K009M-11b m009_oldmale-word-kei-K009M m009_oldmale-word-kia_ora-K009M-01 m009_oldmale-word-käinga-K009M-04 m009_oldmale-word-käinga-K009M-08 m009_oldmale-word-kë-K009M m009_oldmale-word-kï-K009M m009_oldmale-word-körero-K009M-01 m009_oldmale-word-körero-K009M-02a1 m009_oldmale-word-körero-K009M-02a2 m009_oldmale-word-körero-K009M-06 m009_oldmale-word-körero-K009M-07 m009_oldmale-word-mao-K009M m009_oldmale-word-marae-K009M-02a m009_oldmale-word-marae-K009M-02b m009_oldmale-word-marae-K009M-02c m009_oldmale-word-marae-K009M-02d m009_oldmale-word-marae-K009M-05a m009_oldmale-word-marae-K009M-05b m009_oldmale-word-marae-K009M-07 m009_oldmale-word-marae-K009M-08 m009_oldmale-word-marae-K009M-12 m009_oldmale-word-matariki-K009M-06 m009_oldmale-word-matiu-K009M m009_oldmale-word-mau-K009M m009_oldmale-word-maunga-K009M-02 m009_oldmale-word-maunga-K009M-06 m009_oldmale-word-maunga-K009M-07a m009_oldmale-word-maunga-K009M-07b m009_oldmale-word-mokopuna-K009M-05a m009_oldmale-word-mokopuna-K009M-05b m009_oldmale-word-mokopuna-K009M-05c m009_oldmale-word-mokopuna-K009M-13
