m005_oldmale-word-waru-K005M-02b waru
m005_oldmale-word-waru-K005M-03a waru
m005_oldmale-word-waru-K005M-03b waru
m005_oldmale-word-waru-K005M-04 waru
m005_oldmale-word-waru-K005M-11a waru
m005_oldmale-word-waru-K005M-11b waru
m005_oldmale-word-whare-K005M-08a1 whare
m005_oldmale-word-whare-K005M-08a2 whare
m005_oldmale-word-whare-K005M-08b whare
m005_oldmale-word-whitu-K005M-01a whitu
m005_oldmale-word-whitu-K005M-01b whitu
m005_oldmale-word-whitu-K005M-02a1 whitu
m005_oldmale-word-whitu-K005M-02a2 whitu
m005_oldmale-word-whitu-K005M-11 whitu
m005_oldmale-word-whänau-K005M-01 whänau
m005_oldmale-word-whänau-K005M-02 whänau
m005_oldmale-word-whänau-K005M-06 whänau
m005_oldmale-word-wä-K005M-01a wä
m005_oldmale-word-wä-K005M-01b wä
m005_oldmale-word-wä-K005M-02 wä
m005_oldmale-word-wä-K005M-07 wä
m005_oldmale-word-wähi-K005M-06 wähi
m005_oldmale-word-wähi-K005M-11a wähi
m005_oldmale-word-wähi-K005M-11b wähi
m005_oldmale-word-wähi-K005M-11c wähi
m006_oldmale-word-awa-K006M-06a awa
m006_oldmale-word-awa-K006M-06b awa
m006_oldmale-word-awa-K006M-07 awa
m006_oldmale-word-haere_mai-K006M-04 haere_mai
m006_oldmale-word-haere_mai-K006M-09 haere_mai
m006_oldmale-word-hau-K006M hau
m006_oldmale-word-hei-K006M hei
m006_oldmale-word-hoe-K006M hoe
m006_oldmale-word-hoihoi-K006M hoihoi
m006_oldmale-word-hou-K006M hou
m006_oldmale-word-hë-K006M hë
m006_oldmale-word-iwi-K006M-03a iwi
m006_oldmale-word-iwi-K006M-03b iwi
m006_oldmale-word-iwi-K006M-08 iwi
m006_oldmale-word-kaumätua-K006M-02 kaumätua
m006_oldmale-word-kaumätua-K006M-07 kaumätua
m006_oldmale-word-kë-K006M kë
m006_oldmale-word-kï-K006M kï
m006_oldmale-word-körero-K006M-02 körero
m006_oldmale-word-körero-K006M-03 körero
m006_oldmale-word-körero-K006M-04a körero
m006_oldmale-word-körero-K006M-04b körero
m006_oldmale-word-mao-K006M mao
m006_oldmale-word-marae-K006M-07 marae
m006_oldmale-word-matariki-K006M-06 matariki
m006_oldmale-word-matiu-K006M matiu
m006_oldmale-word-mau-K006M mau
m006_oldmale-word-mokopuna-K006M-05 mokopuna
m006_oldmale-word-moutere-K006M moutere
m006_oldmale-word-mäori-K006M-05a mäori
m006_oldmale-word-mäori-K006M-05b mäori
m006_oldmale-word-pae-K006M pae
m006_oldmale-word-pai-K006M pai
m006_oldmale-word-pao-K006M pao
m006_oldmale-word-pau-K006M pau
m006_oldmale-word-pou-K006M pou
m006_oldmale-word-pö-K006M pö
m006_oldmale-word-tae-K006M tae
m006_oldmale-word-tai-K006M tai
m006_oldmale-word-tamariki-K006M-03a tamariki
m006_oldmale-word-tamariki-K006M-03b tamariki
m006_oldmale-word-tamariki-K006M-04 tamariki
m006_oldmale-word-tamariki-K006M-06 tamariki
m006_oldmale-word-taringa-K006M-07 taringa
m006_oldmale-word-taringa-K006M-08 taringa
m006_oldmale-word-tauhou-K006M-06a tauhou
m006_oldmale-word-tauhou-K006M-06b tauhou
m006_oldmale-word-toetoe-K006M toetoe
m006_oldmale-word-toi-K006M toi
m006_oldmale-word-täne-K006M täne
m006_oldmale-word-tënei-K006M tënei
m006_oldmale-word-tü-K006M tü
m006_oldmale-word-waiata-K006M-03a waiata
m006_oldmale-word-waiata-K006M-03b waiata
m006_oldmale-word-wairua-K006M-02a wairua
m006_oldmale-word-wairua-K006M-02b wairua
m006_oldmale-word-wairua-K006M-03a wairua
m006_oldmale-word-wairua-K006M-03b wairua
m006_oldmale-word-wairua-K006M-03c wairua
m006_oldmale-word-wairua-K006M-04 wairua
m006_oldmale-word-wairua-K006M-09a wairua
m006_oldmale-word-wairua-K006M-09b wairua
m006_oldmale-word-wairua-K006M-09c wairua
m006_oldmale-word-waka-K006M-02a waka
m006_oldmale-word-waka-K006M-02b waka
m006_oldmale-word-waka-K006M-06a waka
m006_oldmale-word-waka-K006M-09a waka
m006_oldmale-word-waka-K006M-09b waka
m006_oldmale-word-wä-K006M-02 wä
m006_oldmale-word-wä-K006M-04 wä
m007_oldmale-word-awa-K007M-06a awa
m007_oldmale-word-awa-K007M-06b awa
m007_oldmale-word-awa-K007M-07a1 awa
m007_oldmale-word-awa-K007M-07a2 awa
m007_oldmale-word-awa-K007M-09 awa
m007_oldmale-word-awa-K007M-10a awa
m007_oldmale-word-awa-K007M-10b awa
m007_oldmale-word-e_noho-K007M-10 e_noho
m007_oldmale-word-e_noho-K007M-11a e_noho
m007_oldmale-word-e_noho-K007M-11b e_noho
m007_oldmale-word-haere_mai-K007M-09 haere_mai
m007_oldmale-word-hau-K007M hau
m007_oldmale-word-hei-K007M hei
m007_oldmale-word-hoe-K007M hoe
m007_oldmale-word-hoihoi-K007M hoihoi
m007_oldmale-word-hou-K007M hou
m007_oldmale-word-hë-K007M hë
m007_oldmale-word-hï-K007M hï
m007_oldmale-word-iwa-K007M-03 iwa
m007_oldmale-word-iwi-K007M-05 iwi
m007_oldmale-word-iwi-K007M-10 iwi
m007_oldmale-word-ka_pai-K007M-04 ka_pai
m007_oldmale-word-ka_pai-K007M-06 ka_pai
m007_oldmale-word-ka_pai-K007M-08 ka_pai
m007_oldmale-word-ka_pai-K007M-12 ka_pai
m007_oldmale-word-ka_pai-K007M-14 ka_pai
m007_oldmale-word-karanga-K007M-06 karanga
m007_oldmale-word-karanga-K007M-07 karanga
m007_oldmale-word-karanga-K007M-08 karanga
m007_oldmale-word-karanga-K007M-09a karanga
m007_oldmale-word-karanga-K007M-09b karanga
m007_oldmale-word-karanga-K007M-09c karanga
m007_oldmale-word-karanga-K007M-12 karanga
m007_oldmale-word-kei-K007M kei
m007_oldmale-word-kuia-K007M-05 kuia
m007_oldmale-word-käinga-K007M-04 käinga
m007_oldmale-word-käinga-K007M-05 käinga
m007_oldmale-word-käinga-K007M-06a käinga
m007_oldmale-word-käinga-K007M-06b käinga
m007_oldmale-word-käinga-K007M-12 käinga
m007_oldmale-word-kë-K007M kë
m007_oldmale-word-kï-K007M kï
m007_oldmale-word-körero-K007M-05a körero
m007_oldmale-word-körero-K007M-05b körero
m007_oldmale-word-körero-K007M-07a1 körero
m007_oldmale-word-körero-K007M-07a2 körero
m007_oldmale-word-körero-K007M-08 körero
m007_oldmale-word-mao-K007M mao
m007_oldmale-word-marae-K007M-01 marae
m007_oldmale-word-matiu-K007M matiu
m007_oldmale-word-mau-K007M mau
m007_oldmale-word-maunga-K007M-02 maunga
m007_oldmale-word-moana-K007M-01 moana
m007_oldmale-word-moana-K007M-09 moana
m007_oldmale-word-moana-K007M-12 moana
m007_oldmale-word-moutere-K007M moutere
m007_oldmale-word-mäori-K007M-08 mäori
m007_oldmale-word-mäori-K007M-11 mäori
m007_oldmale-word-mäori-K007M-13a mäori
m007_oldmale-word-mäori-K007M-13b mäori
m007_oldmale-word-mätao-K007M mätao
m007_oldmale-word-mätau-K007M mätau
m007_oldmale-word-pae-K007M pae
m007_oldmale-word-pai-K007M pai
m007_oldmale-word-pao-K007M pao
m007_oldmale-word-pau-K007M pau
m007_oldmale-word-pou-K007M pou
m007_oldmale-word-pö-K007M pö
m007_oldmale-word-rima-K007M-04 rima
m007_oldmale-word-rua-K007M-02a rua
m007_oldmale-word-rua-K007M-02b rua
m007_oldmale-word-rua-K007M-04 rua
m007_oldmale-word-rua-K007M-07 rua
m007_oldmale-word-rua-K007M-12 rua
m007_oldmale-word-rua-K007M-13a rua
m007_oldmale-word-rua-K007M-13b rua
m007_oldmale-word-tae-K007M tae
