ym001_youngmale-word-aroha-L1Y01M-04 aroha
ym001_youngmale-word-aroha-L1Y01M-05 aroha
ym001_youngmale-word-awa-L1Y01M-01 awa
ym001_youngmale-word-awa-L1Y01M-02 awa
ym001_youngmale-word-awa-L1Y01M-17a awa
ym001_youngmale-word-awa-L1Y01M-17b awa
ym001_youngmale-word-e_noho-L1Y01M-02a1 e_noho
ym001_youngmale-word-e_noho-L1Y01M-02a2 e_noho
ym001_youngmale-word-e_noho-L1Y01M-02b e_noho
ym001_youngmale-word-e_noho-L1Y01M-05 e_noho
ym001_youngmale-word-e_noho-L1Y01M-17 e_noho
ym001_youngmale-word-hau-L1Y01M hau
ym001_youngmale-word-hei-L1Y01M hei
ym001_youngmale-word-hoe-L1Y01M hoe
ym001_youngmale-word-hoihoi-L1Y01M hoihoi
ym001_youngmale-word-hou-L1Y01M hou
ym001_youngmale-word-hë-L1Y01M hë
ym001_youngmale-word-hï-L1Y01M hï
ym001_youngmale-word-iwa-L1Y01M-03 iwa
ym001_youngmale-word-iwa-L1Y01M-04a iwa
ym001_youngmale-word-iwa-L1Y01M-04b iwa
ym001_youngmale-word-iwa-L1Y01M-05a iwa
ym001_youngmale-word-iwa-L1Y01M-05b iwa
ym001_youngmale-word-iwa-L1Y01M-05c iwa
ym001_youngmale-word-iwa-L1Y01M-05d1 iwa
ym001_youngmale-word-iwa-L1Y01M-05d2 iwa
ym001_youngmale-word-iwa-L1Y01M-05e iwa
ym001_youngmale-word-iwa-L1Y01M-06a1 iwa
ym001_youngmale-word-iwa-L1Y01M-06a2 iwa
ym001_youngmale-word-iwa-L1Y01M-06b iwa
ym001_youngmale-word-iwa-L1Y01M-08 iwa
ym001_youngmale-word-iwa-L1Y01M-11a iwa
ym001_youngmale-word-iwa-L1Y01M-11b iwa
ym001_youngmale-word-iwa-L1Y01M-11c iwa
ym001_youngmale-word-iwa-L1Y01M-11d iwa
ym001_youngmale-word-iwa-L1Y01M-11e iwa
ym001_youngmale-word-iwa-L1Y01M-11f iwa
ym001_youngmale-word-iwa-L1Y01M-12 iwa
ym001_youngmale-word-iwa-L1Y01M-14 iwa
ym001_youngmale-word-iwa-L1Y01M-15 iwa
ym001_youngmale-word-iwa-L1Y01M-16a iwa
ym001_youngmale-word-iwa-L1Y01M-16b iwa
ym001_youngmale-word-iwa-L1Y01M-18a iwa
ym001_youngmale-word-iwa-L1Y01M-18b iwa
ym001_youngmale-word-iwa-L1Y01M-19 iwa
ym001_youngmale-word-iwi-L1Y01M-02 iwi
ym001_youngmale-word-iwi-L1Y01M-17 iwi
ym001_youngmale-word-karakia-L1Y01M-17a.wav karakia
ym001_youngmale-word-karakia-L1Y01M-17b karakia
ym001_youngmale-word-karanga-L1Y01M-07 karanga
ym001_youngmale-word-karanga-L1Y01M-18 karanga
ym001_youngmale-word-kaumätua-L1Y01M-02a kaumätua
ym001_youngmale-word-kaumätua-L1Y01M-02b kaumätua
ym001_youngmale-word-kaumätua-L1Y01M-17 kaumätua
ym001_youngmale-word-kei-L1Y01M kei
ym001_youngmale-word-käinga-L1Y01M-17 käinga
ym001_youngmale-word-kë-L1Y01M kë
ym001_youngmale-word-kï-L1Y01M kï
ym001_youngmale-word-körero-L1Y01M-02 körero
ym001_youngmale-word-körero-L1Y01M-04 körero
ym001_youngmale-word-körero-L1Y01M-09 körero
ym001_youngmale-word-körero-L1Y01M-11 körero
ym001_youngmale-word-mao-L1Y01M mao
ym001_youngmale-word-marae-L1Y01M-02 marae
ym001_youngmale-word-marae-L1Y01M-05a1 marae
ym001_youngmale-word-marae-L1Y01M-05a2 marae
ym001_youngmale-word-marae-L1Y01M-09 marae
ym001_youngmale-word-matariki-L1Y01M-17 matariki
ym001_youngmale-word-matiu-L1Y01M matiu
ym001_youngmale-word-mau-L1Y01M mau
ym001_youngmale-word-maunga-L1Y01M-02 maunga
ym001_youngmale-word-maunga-L1Y01M-08 maunga
ym001_youngmale-word-mihi-L1Y01M-11 mihi
ym001_youngmale-word-moutere-L1Y01M moutere
ym001_youngmale-word-mäori-L1Y01M-13 mäori
ym001_youngmale-word-mäori-L1Y01M-20a mäori
ym001_youngmale-word-mäori-L1Y01M-20b mäori
ym001_youngmale-word-mäori-L1Y01M-20c mäori
ym001_youngmale-word-mäori-L1Y01M-20d mäori
ym001_youngmale-word-mätao-L1Y01M mätao
ym001_youngmale-word-mätau-L1Y01M mätau
ym001_youngmale-word-mätou-L1Y01M mätou
ym001_youngmale-word-ono-L1Y01M-02 ono
ym001_youngmale-word-ono-L1Y01M-11 ono
ym001_youngmale-word-pae-L1Y01M pae
ym001_youngmale-word-pai-L1Y01M pai
ym001_youngmale-word-pao-L1Y01M pao
ym001_youngmale-word-pau-L1Y01M pau
ym001_youngmale-word-pou-L1Y01M pou
ym001_youngmale-word-puku-L1Y01M-07 puku
ym001_youngmale-word-puku-L1Y01M-08 puku
ym001_youngmale-word-puku-L1Y01M-10 puku
ym001_youngmale-word-pö-L1Y01M pö
ym001_youngmale-word-rima-L1Y01M-05 rima
ym001_youngmale-word-rima-L1Y01M-10 rima
ym001_youngmale-word-rima-L1Y01M-11a1 rima
ym001_youngmale-word-rima-L1Y01M-11a2 rima
ym001_youngmale-word-rima-L1Y01M-18 rima
ym001_youngmale-word-rua-L1Y01M-01 rua
ym001_youngmale-word-rua-L1Y01M-04 rua
ym001_youngmale-word-rua-L1Y01M-06a rua
ym001_youngmale-word-rua-L1Y01M-06b1 rua
ym001_youngmale-word-rua-L1Y01M-06b2 rua
ym001_youngmale-word-rua-L1Y01M-06b3 rua
ym001_youngmale-word-rua-L1Y01M-07 rua
ym001_youngmale-word-rua-L1Y01M-11a rua
ym001_youngmale-word-rua-L1Y01M-11b1 rua
ym001_youngmale-word-rua-L1Y01M-11b2 rua
ym001_youngmale-word-rua-L1Y01M-14 rua
ym001_youngmale-word-rua-L1Y01M-15 rua
ym001_youngmale-word-rua-L1Y01M-19 rua
ym001_youngmale-word-rua-L1Y01M-20 rua
ym001_youngmale-word-tae-L1Y01M tae
ym001_youngmale-word-tahi-L1Y01M-07 tahi
ym001_youngmale-word-tahi-L1Y01M-12 tahi
ym001_youngmale-word-tai-L1Y01M tai
ym001_youngmale-word-tamariki-L1Y01M-17a tamariki
ym001_youngmale-word-tamariki-L1Y01M-17b tamariki
ym001_youngmale-word-taringa-L1Y01M-01 taringa
ym001_youngmale-word-tauhou-L1Y01M-17a tauhou
ym001_youngmale-word-tauhou-L1Y01M-17b tauhou
ym001_youngmale-word-tekau-L1Y01M-01a tekau
ym001_youngmale-word-tekau-L1Y01M-01b tekau
ym001_youngmale-word-tekau-L1Y01M-03a tekau
ym001_youngmale-word-tekau-L1Y01M-03b tekau
ym001_youngmale-word-tekau-L1Y01M-04a tekau
ym001_youngmale-word-tekau-L1Y01M-04b tekau
ym001_youngmale-word-tekau-L1Y01M-04c tekau
ym001_youngmale-word-tekau-L1Y01M-05a tekau
ym001_youngmale-word-tekau-L1Y01M-05b tekau
ym001_youngmale-word-tekau-L1Y01M-05c tekau
ym001_youngmale-word-tekau-L1Y01M-05d1 tekau
ym001_youngmale-word-tekau-L1Y01M-05d2 tekau
ym001_youngmale-word-tikanga-L1Y01M-20 tikanga
ym001_youngmale-word-toetoe-L1Y01M toetoe
ym001_youngmale-word-toi-L1Y01M toi
ym001_youngmale-word-toru-L1Y01M-11a toru
ym001_youngmale-word-toru-L1Y01M-11b toru
ym001_youngmale-word-toru-L1Y01M-11c toru
ym001_youngmale-word-toru-L1Y01M-12a1 toru
ym001_youngmale-word-toru-L1Y01M-12a2 toru
ym001_youngmale-word-täne-L1Y01M täne
ym001_youngmale-word-tënei-L1Y01M tënei
ym001_youngmale-word-tïmata-L1Y01M-03a1 tïmata
ym001_youngmale-word-tïmata-L1Y01M-03a2 tïmata
ym001_youngmale-word-tïmata-L1Y01M-04 tïmata
ym001_youngmale-word-tïmata-L1Y01M-05a tïmata
ym001_youngmale-word-tïmata-L1Y01M-05b tïmata
ym001_youngmale-word-tïmata-L1Y01M-09 tïmata
ym001_youngmale-word-tïmata-L1Y01M-15 tïmata
ym001_youngmale-word-tïmata-L1Y01M-17 tïmata
ym001_youngmale-word-tïmata-L1Y01M-19 tïmata
ym001_youngmale-word-tü-L1Y01M tü
ym001_youngmale-word-türanga-L1Y01M-19a1 türanga
ym001_youngmale-word-türanga-L1Y01M-19a2 türanga
ym001_youngmale-word-waewae-L1Y01M-05 waewae
ym001_youngmale-word-waewae-L1Y01M-15 waewae
ym001_youngmale-word-waiata-L1Y01M-05 waiata
ym001_youngmale-word-waiata-L1Y01M-06 waiata
ym001_youngmale-word-waiata-L1Y01M-07a waiata
ym001_youngmale-word-waiata-L1Y01M-07b waiata
ym001_youngmale-word-waiata-L1Y01M-07c1 waiata
ym001_youngmale-word-waiata-L1Y01M-07c2 waiata
ym001_youngmale-word-waiata-L1Y01M-17 waiata
ym001_youngmale-word-waiata-L1Y01M-18a waiata
ym001_youngmale-word-waiata-L1Y01M-18b1 waiata
ym001_youngmale-word-waiata-L1Y01M-18b2 waiata
ym001_youngmale-word-waiata-L1Y01M-18c waiata
ym001_youngmale-word-waiata-L1Y01M-20 waiata
ym001_youngmale-word-waka-L1Y01M-06a waka
ym001_youngmale-word-waka-L1Y01M-06b waka
ym001_youngmale-word-waka-L1Y01M-07a waka
ym001_youngmale-word-waka-L1Y01M-07b waka
ym001_youngmale-word-waka-L1Y01M-09a1 waka
ym001_youngmale-word-waka-L1Y01M-09a2 waka
ym001_youngmale-word-waka-L1Y01M-09b waka
ym001_youngmale-word-waka-L1Y01M-09c waka
ym001_youngmale-word-waka-L1Y01M-17 waka
ym001_youngmale-word-waka-L1Y01M-18a waka
ym001_youngmale-word-waka-L1Y01M-18b waka
ym001_youngmale-word-waru-L1Y01M-05 waru
ym001_youngmale-word-waru-L1Y01M-19 waru
ym001_youngmale-word-whare-L1Y01M-01 whare
ym001_youngmale-word-whare-L1Y01M-06 whare
ym001_youngmale-word-whare-L1Y01M-07a whare
ym001_youngmale-word-whare-L1Y01M-07b whare
ym001_youngmale-word-whare-L1Y01M-07c whare
ym001_youngmale-word-whitu-L1Y01M-01 whitu
ym001_youngmale-word-whitu-L1Y01M-02 whitu
ym001_youngmale-word-whitu-L1Y01M-05 whitu
ym001_youngmale-word-whitu-L1Y01M-09 whitu
ym001_youngmale-word-whitu-L1Y01M-11a whitu
ym001_youngmale-word-whitu-L1Y01M-11b whitu
ym001_youngmale-word-whitu-L1Y01M-12 whitu
ym001_youngmale-word-whitu-L1Y01M-15 whitu
ym001_youngmale-word-whänau-L1Y01M-17a whänau
ym001_youngmale-word-whänau-L1Y01M-17b whänau
ym001_youngmale-word-wä-L1Y01M-03 wä
ym001_youngmale-word-wä-L1Y01M-08 wä
ym001_youngmale-word-wä-L1Y01M-09 wä
ym001_youngmale-word-wä-L1Y01M-13 wä
ym001_youngmale-word-wä-L1Y01M-15 wä
ym001_youngmale-word-wähi-L1Y01M-10a1 wähi
ym001_youngmale-word-wähi-L1Y01M-10a2 wähi
ym001_youngmale-word-wähi-L1Y01M-11 wähi
ym001_youngmale-word-wähi-L1Y01M-17 wähi
ym002_youngmale-word-aroha-L1Y02M-03a aroha
ym002_youngmale-word-aroha-L1Y02M-03b aroha
ym002_youngmale-word-awa-L1Y02M-10a awa
ym002_youngmale-word-awa-L1Y02M-10b awa
ym002_youngmale-word-e_noho-L1Y02M-05 e_noho
ym002_youngmale-word-e_noho-L1Y02M-09a e_noho
ym002_youngmale-word-e_noho-L1Y02M-09b e_noho
ym002_youngmale-word-e_noho-L1Y02M-19 e_noho
ym002_youngmale-word-e_noho-L1Y02M-20 e_noho
ym002_youngmale-word-hapü-L1Y02M-01 hapü
ym002_youngmale-word-hau-L1Y02M hau
ym002_youngmale-word-hei-L1Y02M hei
ym002_youngmale-word-hoe-L1Y02M hoe
ym002_youngmale-word-hoihoi-L1Y02M hoihoi
ym002_youngmale-word-hou-L1Y02M hou
ym002_youngmale-word-hë-L1Y02M hë
ym002_youngmale-word-hï-L1Y02M hï
ym002_youngmale-word-iwa-L1Y02M-16 iwa
ym002_youngmale-word-iwi-L1Y02M-03a iwi
ym002_youngmale-word-iwi-L1Y02M-03b iwi
ym002_youngmale-word-iwi-L1Y02M-04a iwi
ym002_youngmale-word-iwi-L1Y02M-04b iwi
ym002_youngmale-word-iwi-L1Y02M-09a iwi
ym002_youngmale-word-iwi-L1Y02M-09b iwi
ym002_youngmale-word-iwi-L1Y02M-10 iwi
ym002_youngmale-word-iwi-L1Y02M-11 iwi
ym002_youngmale-word-iwi-L1Y02M-16a iwi
ym002_youngmale-word-iwi-L1Y02M-16b iwi
ym002_youngmale-word-iwi-L1Y02M-21 iwi
ym002_youngmale-word-ka_pai-L1Y02M-13 ka_pai
ym002_youngmale-word-karakia-L1Y02M-10a karakia
ym002_youngmale-word-karakia-L1Y02M-10b karakia
ym002_youngmale-word-kei-L1Y02M kei
ym002_youngmale-word-kia_ora-L1Y02M-01 kia_ora
ym002_youngmale-word-kë-L1Y02M kë
ym002_youngmale-word-kï-L1Y02M kï
ym002_youngmale-word-körero-L1Y02M-06 körero
ym002_youngmale-word-mao-L1Y02M mao
ym002_youngmale-word-marae-L1Y02M-01 marae
ym002_youngmale-word-marae-L1Y02M-19a marae
ym002_youngmale-word-marae-L1Y02M-19b marae
ym002_youngmale-word-marae-L1Y02M-19c marae
ym002_youngmale-word-marae-L1Y02M-19d marae
ym002_youngmale-word-marae-L1Y02M-20a marae
ym002_youngmale-word-marae-L1Y02M-20b marae
ym002_youngmale-word-marae-L1Y02M-20c marae
ym002_youngmale-word-marae-L1Y02M-20d marae
ym002_youngmale-word-matiu-L1Y02M matiu
ym002_youngmale-word-mau-L1Y02M mau
ym002_youngmale-word-mihi-L1Y02M-13 mihi
ym002_youngmale-word-mokopuna-L1Y02M-09 mokopuna
ym002_youngmale-word-moutere-L1Y02M moutere
ym002_youngmale-word-mäori-L1Y02M-01 mäori
ym002_youngmale-word-mäori-L1Y02M-05a1 mäori
ym002_youngmale-word-mäori-L1Y02M-05a2 mäori
ym002_youngmale-word-mäori-L1Y02M-05b mäori
ym002_youngmale-word-mäori-L1Y02M-14 mäori
ym002_youngmale-word-mäori-L1Y02M-20 mäori
ym002_youngmale-word-mätao-L1Y02M mätao
ym002_youngmale-word-mätau-L1Y02M mätau
ym002_youngmale-word-mätou-L1Y02M mätou
ym002_youngmale-word-ono-L1Y02M-09a ono
ym002_youngmale-word-ono-L1Y02M-09b ono
ym002_youngmale-word-ono-L1Y02M-09c ono
ym002_youngmale-word-ono-L1Y02M-13 ono
ym002_youngmale-word-pae-L1Y02M pae
ym002_youngmale-word-pai-L1Y02M pai
ym002_youngmale-word-pao-L1Y02M pao
ym002_youngmale-word-pau-L1Y02M pau
ym002_youngmale-word-pou-L1Y02M pou
ym002_youngmale-word-pö-L1Y02M pö
ym002_youngmale-word-rima-L1Y02M-16 rima
ym002_youngmale-word-rua-L1Y02M-01 rua
ym002_youngmale-word-rua-L1Y02M-02 rua
ym002_youngmale-word-rua-L1Y02M-09a1 rua
ym002_youngmale-word-rua-L1Y02M-09a2 rua
ym002_youngmale-word-rua-L1Y02M-20 rua
ym002_youngmale-word-tae-L1Y02M tae
ym002_youngmale-word-tahi-L1Y02M-01a tahi
ym002_youngmale-word-tahi-L1Y02M-01b tahi
ym002_youngmale-word-tahi-L1Y02M-09a1 tahi
ym002_youngmale-word-tahi-L1Y02M-09a2 tahi
ym002_youngmale-word-tahi-L1Y02M-17 tahi
ym002_youngmale-word-tahi-L1Y02M-18 tahi
ym002_youngmale-word-tahi-L1Y02M-20 tahi
ym002_youngmale-word-tai-L1Y02M tai
ym002_youngmale-word-tamariki-L1Y02M-03 tamariki
ym002_youngmale-word-tamariki-L1Y02M-10 tamariki
ym002_youngmale-word-tangi-L1Y02M-20 tangi
ym002_youngmale-word-tauhou-L1Y02M-09 tauhou
ym002_youngmale-word-tekau-L1Y02M-01a tekau
ym002_youngmale-word-tekau-L1Y02M-01b tekau
ym002_youngmale-word-tekau-L1Y02M-02a1 tekau
ym002_youngmale-word-tekau-L1Y02M-02a2 tekau
ym002_youngmale-word-tekau-L1Y02M-13 tekau
ym002_youngmale-word-tekau-L1Y02M-16 tekau
ym002_youngmale-word-tekau-L1Y02M-17 tekau
ym002_youngmale-word-tikanga-L1Y02M-06a tikanga
ym002_youngmale-word-tikanga-L1Y02M-06b tikanga
ym002_youngmale-word-tikanga-L1Y02M-06c tikanga
ym002_youngmale-word-tikanga-L1Y02M-06d tikanga
ym002_youngmale-word-tikanga-L1Y02M-06e1 tikanga
ym002_youngmale-word-tikanga-L1Y02M-06e2 tikanga
ym002_youngmale-word-tikanga-L1Y02M-06e3 tikanga
ym002_youngmale-word-tikanga-L1Y02M-19a tikanga
ym002_youngmale-word-tikanga-L1Y02M-19b tikanga
ym002_youngmale-word-tikanga-L1Y02M-20 tikanga
ym002_youngmale-word-toetoe-L1Y02M toetoe
ym002_youngmale-word-toru-L1Y02M-09 toru
ym002_youngmale-word-toru-L1Y02M-15 toru
ym002_youngmale-word-täne-L1Y02M täne
ym002_youngmale-word-tënei-L1Y02M tënei
ym002_youngmale-word-tënä_koe-L1Y02M-01 tënä_koe
ym002_youngmale-word-tïmata-L1Y02M-09 tïmata
ym002_youngmale-word-tü-L1Y02M tü
ym002_youngmale-word-waiata-L1Y02M-08 waiata
ym002_youngmale-word-waiata-L1Y02M-09 waiata
ym002_youngmale-word-wairua-L1Y02M-05a wairua
ym002_youngmale-word-wairua-L1Y02M-05b wairua
ym002_youngmale-word-wairua-L1Y02M-16 wairua
ym002_youngmale-word-waka-L1Y02M-01 waka
ym002_youngmale-word-waka-L1Y02M-04 waka
ym002_youngmale-word-whare-L1Y02M-10 whare
ym002_youngmale-word-whare-L1Y02M-12a whare
ym002_youngmale-word-whare-L1Y02M-12b whare
ym002_youngmale-word-whä-L1Y02M-06 whä
ym002_youngmale-word-whänau-L1Y02M-02a whänau
ym002_youngmale-word-whänau-L1Y02M-02b whänau
ym002_youngmale-word-wähi-L1Y02M-02 wähi
ym002_youngmale-word-wähi-L1Y02M-11 wähi
ym002_youngmale-word-wähi-L1Y02M-15 wähi
ym002_youngmale-word-wähi-L1Y02M-16 wähi
ym002_youngmale-word-wähi-L1Y02M-20 wähi
ym003_youngmale-word-aroha-L1Y03M-02 aroha
ym003_youngmale-word-aroha-L1Y03M-03 aroha
ym003_youngmale-word-awa-L1Y03M-04a awa
ym003_youngmale-word-awa-L1Y03M-04b awa
ym003_youngmale-word-awa-L1Y03M-05 awa
ym003_youngmale-word-e_noho-L1Y03M-04 e_noho
ym003_youngmale-word-e_noho-L1Y03M-06 e_noho
ym003_youngmale-word-haere_mai-L1Y03M-02a haere_mai
ym003_youngmale-word-haere_mai-L1Y03M-02b haere_mai
ym003_youngmale-word-haere_mai-L1Y03M-05 haere_mai
ym003_youngmale-word-haere_mai-L1Y03M-06a haere_mai
ym003_youngmale-word-haere_mai-L1Y03M-06b haere_mai
ym003_youngmale-word-hapü-L1Y03M-03 hapü
ym003_youngmale-word-hau-L1Y03M hau
ym003_youngmale-word-hei-L1Y03M hei
ym003_youngmale-word-hoe-L1Y03M hoe
ym003_youngmale-word-hoihoi-L1Y03M hoihoi
ym003_youngmale-word-hou-L1Y03M hou
ym003_youngmale-word-hë-L1Y03M hë
ym003_youngmale-word-hï-L1Y03M hï
ym003_youngmale-word-iwa-L1Y03M-01 iwa
ym003_youngmale-word-karakia-L1Y03M-04 karakia
ym003_youngmale-word-karakia-L1Y03M-05 karakia
ym003_youngmale-word-kaumätua-L1Y03M-02 kaumätua
ym003_youngmale-word-kaumätua-L1Y03M-05 kaumätua
ym003_youngmale-word-kei-L1Y03M kei
ym003_youngmale-word-kete-L1Y03M-07 kete
ym003_youngmale-word-kuia-L1Y03M-01a kuia
ym003_youngmale-word-kuia-L1Y03M-01b kuia
ym003_youngmale-word-kuia-L1Y03M-01c kuia
ym003_youngmale-word-kuia-L1Y03M-01d kuia
ym003_youngmale-word-kuia-L1Y03M-02 kuia
ym003_youngmale-word-kë-L1Y03M kë
ym003_youngmale-word-kï-L1Y03M kï
ym003_youngmale-word-körero-L1Y03M-08 körero
ym003_youngmale-word-mao-L1Y03M mao
ym003_youngmale-word-matariki-L1Y03M-04 matariki
ym003_youngmale-word-matiu-L1Y03M matiu
ym003_youngmale-word-mau-L1Y03M mau
ym003_youngmale-word-moana-L1Y03M-05 moana
ym003_youngmale-word-moutere-L1Y03M moutere
ym003_youngmale-word-mätao-L1Y03M mätao
ym003_youngmale-word-mätau-L1Y03M mätau
ym003_youngmale-word-mätou-L1Y03M mätou
ym003_youngmale-word-ono-L1Y03M-01 ono
ym003_youngmale-word-ono-L1Y03M-08a ono
ym003_youngmale-word-ono-L1Y03M-08b ono
ym003_youngmale-word-pae-L1Y03M pae
ym003_youngmale-word-pai-L1Y03M pai
ym003_youngmale-word-pao-L1Y03M pao
ym003_youngmale-word-pau-L1Y03M pau
ym003_youngmale-word-pou-L1Y03M pou
ym003_youngmale-word-pö-L1Y03M pö
ym003_youngmale-word-rima-L1Y03M-03 rima
ym003_youngmale-word-rima-L1Y03M-04 rima
ym003_youngmale-word-rima-L1Y03M-05 rima
ym003_youngmale-word-rima-L1Y03M-09 rima
ym003_youngmale-word-tae-L1Y03M tae
ym003_youngmale-word-tai-L1Y03M tai
ym003_youngmale-word-tamariki-L1Y03M-04 tamariki
ym003_youngmale-word-tamariki-L1Y03M-05 tamariki
ym003_youngmale-word-tamariki-L1Y03M-08 tamariki
ym003_youngmale-word-tangi-L1Y03M-01 tangi
ym003_youngmale-word-tauhou-L1Y03M-04 tauhou
ym003_youngmale-word-tekau-L1Y03M-01a tekau
ym003_youngmale-word-tekau-L1Y03M-01b tekau
ym003_youngmale-word-toetoe-L1Y03M toetoe
ym003_youngmale-word-toi-L1Y03M toi
ym003_youngmale-word-toru-L1Y03M-08 toru
ym003_youngmale-word-toru-L1Y03M-09 toru
ym003_youngmale-word-täne-L1Y03M täne
ym003_youngmale-word-tënei-L1Y03M tënei
ym003_youngmale-word-tïmata-L1Y03M-04a tïmata
ym003_youngmale-word-tïmata-L1Y03M-04b tïmata
ym003_youngmale-word-tü-L1Y03M tü
ym003_youngmale-word-waiata-L1Y03M-07a waiata
ym003_youngmale-word-waiata-L1Y03M-07b waiata
ym003_youngmale-word-waka-L1Y03M-04 waka
ym003_youngmale-word-whare-L1Y03M-01 whare
ym003_youngmale-word-whare-L1Y03M-02a whare
ym003_youngmale-word-whare-L1Y03M-02b whare
ym003_youngmale-word-whare-L1Y03M-04 whare
ym003_youngmale-word-whare-L1Y03M-06 whare
ym003_youngmale-word-whitu-L1Y03M-09 whitu
ym003_youngmale-word-whitu-L1Y03M-13 whitu
ym003_youngmale-word-whä-L1Y03M-01 whä
ym003_youngmale-word-whänau-L1Y03M-04 whänau
ym003_youngmale-word-wähi-L1Y03M-04 wähi
ym004_youngmale-word-aroha-L1Y04M-03 aroha
ym004_youngmale-word-aroha-L1Y04M-04a aroha
ym004_youngmale-word-aroha-L1Y04M-04b aroha
ym004_youngmale-word-aroha-L1Y04M-10 aroha
ym004_youngmale-word-awa-L1Y04M-02a awa
ym004_youngmale-word-awa-L1Y04M-02b awa
ym004_youngmale-word-awa-L1Y04M-10 awa
ym004_youngmale-word-e_noho-L1Y04M-02 e_noho
ym004_youngmale-word-iwa-L1Y04M-11 iwa
ym004_youngmale-word-iwi-L1Y04M-04a iwi
ym004_youngmale-word-iwi-L1Y04M-04b1 iwi
ym004_youngmale-word-iwi-L1Y04M-04b2 iwi
ym004_youngmale-word-iwi-L1Y04M-06a iwi
ym004_youngmale-word-iwi-L1Y04M-06b iwi
ym004_youngmale-word-iwi-L1Y04M-08 iwi
ym004_youngmale-word-iwi-L1Y04M-10a iwi
ym004_youngmale-word-iwi-L1Y04M-10b1 iwi
ym004_youngmale-word-iwi-L1Y04M-10b2 iwi
ym004_youngmale-word-karakia-L1Y04M-02a karakia
ym004_youngmale-word-karakia-L1Y04M-02b karakia
ym004_youngmale-word-kaumätua-L1Y04M-03 kaumätua
ym004_youngmale-word-körero-L1Y04M-03 körero
ym004_youngmale-word-körero-L1Y04M-13a körero
ym004_youngmale-word-körero-L1Y04M-13b körero
ym004_youngmale-word-marae-L1Y04M-07 marae
ym004_youngmale-word-matariki-L1Y04M-02 matariki
ym004_youngmale-word-maunga-L1Y04M-06a maunga
ym004_youngmale-word-maunga-L1Y04M-06b maunga
ym004_youngmale-word-moana-L1Y04M-13 moana
ym004_youngmale-word-mäori-L1Y04M-03a mäori
ym004_youngmale-word-mäori-L1Y04M-03b mäori
ym004_youngmale-word-mäori-L1Y04M-03c mäori
ym004_youngmale-word-mäori-L1Y04M-03d mäori
ym004_youngmale-word-mäori-L1Y04M-04a mäori
ym004_youngmale-word-mäori-L1Y04M-04b mäori
ym004_youngmale-word-mäori-L1Y04M-04c mäori
ym004_youngmale-word-ono-L1Y04M-11 ono
ym004_youngmale-word-rima-L1Y04M-03 rima
ym004_youngmale-word-rima-L1Y04M-08a rima
ym004_youngmale-word-rima-L1Y04M-08b rima
ym004_youngmale-word-rua-L1Y04M-05 rua
ym004_youngmale-word-rua-L1Y04M-06 rua
ym004_youngmale-word-tahi-L1Y04M-08 tahi
ym004_youngmale-word-tamariki-L1Y04M-02 tamariki
ym004_youngmale-word-tamariki-L1Y04M-03 tamariki
ym004_youngmale-word-tamariki-L1Y04M-04 tamariki
ym004_youngmale-word-tamariki-L1Y04M-08 tamariki
ym004_youngmale-word-tauhou-L1Y04M-02 tauhou
ym004_youngmale-word-tekau-L1Y04M-11 tekau
ym004_youngmale-word-tekau-L1Y04M-12 tekau
ym004_youngmale-word-tikanga-L1Y04M-07a tikanga
ym004_youngmale-word-tikanga-L1Y04M-07b tikanga
ym004_youngmale-word-tikanga-L1Y04M-07c tikanga
ym004_youngmale-word-tikanga-L1Y04M-07d tikanga
ym004_youngmale-word-tikanga-L1Y04M-09a tikanga
ym004_youngmale-word-tikanga-L1Y04M-09b tikanga
ym004_youngmale-word-tikanga-L1Y04M-10a tikanga
ym004_youngmale-word-tikanga-L1Y04M-10b tikanga
ym004_youngmale-word-tikanga-L1Y04M-12 tikanga
ym004_youngmale-word-tikanga-L1Y04M-13 tikanga
ym004_youngmale-word-toru-L1Y04M-08 toru
ym004_youngmale-word-toru-L1Y04M-11 toru
ym004_youngmale-word-tïmata-L1Y04M-02 tïmata
ym004_youngmale-word-tïmata-L1Y04M-12 tïmata
ym004_youngmale-word-waiata-L1Y04M-03a waiata
ym004_youngmale-word-waiata-L1Y04M-03b waiata
ym004_youngmale-word-waiata-L1Y04M-03c waiata
ym004_youngmale-word-waiata-L1Y04M-03d waiata
ym004_youngmale-word-wairua-L1Y04M-06 wairua
ym004_youngmale-word-waka-L1Y04M-02 waka
ym004_youngmale-word-waka-L1Y04M-03 waka
ym004_youngmale-word-waka-L1Y04M-05a waka
ym004_youngmale-word-waka-L1Y04M-05b waka
ym004_youngmale-word-whare-L1Y04M-02a whare
ym004_youngmale-word-whare-L1Y04M-02b whare
ym004_youngmale-word-whare-L1Y04M-07a whare
ym004_youngmale-word-whare-L1Y04M-07b whare
ym004_youngmale-word-whare-L1Y04M-08 whare
ym004_youngmale-word-whänau-L1Y04M-02a whänau
ym004_youngmale-word-whänau-L1Y04M-02b1 whänau
ym004_youngmale-word-whänau-L1Y04M-02b2 whänau
ym004_youngmale-word-whänau-L1Y04M-02c whänau
ym004_youngmale-word-whänau-L1Y04M-03 whänau
ym004_youngmale-word-whänau-L1Y04M-05 whänau
ym004_youngmale-word-whänau-L1Y04M-07 whänau
ym004_youngmale-word-whänau-L1Y04M-09 whänau
ym004_youngmale-word-wä-L1Y04M-03a wä
ym004_youngmale-word-wä-L1Y04M-03b wä
ym004_youngmale-word-wä-L1Y04M-09 wä
ym004_youngmale-word-wä-L1Y04M-11 wä
ym004_youngmale-word-wä-L1Y04M-12a wä
ym004_youngmale-word-wä-L1Y04M-12b wä
ym004_youngmale-word-wähi-L1Y04M-02 wähi
ym004_youngmale-word-wähi-L1Y04M-03 wähi
ym004_youngmale-word-wähi-L1Y04M-04a wähi
ym004_youngmale-word-wähi-L1Y04M-04b wähi
ym004_youngmale-word-wähi-L1Y04M-05 wähi
ym004_youngmale-word-wähi-L1Y04M-06a wähi
ym004_youngmale-word-wähi-L1Y04M-06b wähi
ym004_youngmale-word-wähi-L1Y04M-06c wähi
ym004_youngmale-word-wähi-L1Y04M-06d wähi
ym004_youngmale-word-wähi-L1Y04M-07a wähi
ym004_youngmale-word-wähi-L1Y04M-07b wähi
ym004_youngmale-word-wähi-L1Y04M-08a wähi
ym004_youngmale-word-wähi-L1Y04M-08b wähi
ym004_youngmale-word-wähi-L1Y04M-08c wähi
ym004_youngmale-word-wähi-L1Y04M-10a wähi
ym004_youngmale-word-wähi-L1Y04M-10b wähi
ym004_youngmale-word-wähi-L1Y04M-10c wähi
ym004_youngmale-word-wähi-L1Y04M-10d wähi
