m004 m004_oldmale-word-käinga-K004M-02c m004_oldmale-word-käinga-K004M-03a m004_oldmale-word-käinga-K004M-03b m004_oldmale-word-käinga-K004M-11a m004_oldmale-word-käinga-K004M-11b m004_oldmale-word-käinga-K004M-12a m004_oldmale-word-käinga-K004M-12b m004_oldmale-word-kë-K004M m004_oldmale-word-kï-K004M m004_oldmale-word-körero-K004M-01 m004_oldmale-word-körero-K004M-03a m004_oldmale-word-körero-K004M-03b m004_oldmale-word-körero-K004M-05 m004_oldmale-word-mao-K004M m004_oldmale-word-marae-K004M-01a m004_oldmale-word-marae-K004M-01b m004_oldmale-word-marae-K004M-01c m004_oldmale-word-marae-K004M-09 m004_oldmale-word-marae-K004M-10a m004_oldmale-word-marae-K004M-10b m004_oldmale-word-marae-K004M-11 m004_oldmale-word-marae-K004M-12 m004_oldmale-word-matiu-K004M m004_oldmale-word-mau-K004M m004_oldmale-word-maunga-K004M-02a m004_oldmale-word-maunga-K004M-02b1 m004_oldmale-word-maunga-K004M-02b2 m004_oldmale-word-mihi-K004M-01 m004_oldmale-word-mihi-K004M-09 m004_oldmale-word-mihi-K004M-10a1 m004_oldmale-word-mihi-K004M-10a2 m004_oldmale-word-mihi-K004M-10b m004_oldmale-word-moana-K004M-01 m004_oldmale-word-moana-K004M-02a m004_oldmale-word-moana-K004M-02b m004_oldmale-word-moana-K004M-02c m004_oldmale-word-moana-K004M-08 m004_oldmale-word-moutere-K004M m004_oldmale-word-mäori-K004M-05 m004_oldmale-word-mätao-K004M m004_oldmale-word-mätau-K004M m004_oldmale-word-mätou-K004M m004_oldmale-word-ono-K004M-03 m004_oldmale-word-ono-K004M-08 m004_oldmale-word-pao-K004M m004_oldmale-word-pau-K004M m004_oldmale-word-pou-K004M m004_oldmale-word-pö-K004M m004_oldmale-word-rima-K004M-03a m004_oldmale-word-rima-K004M-03b m004_oldmale-word-rima-K004M-03c m004_oldmale-word-rima-K004M-04a m004_oldmale-word-rima-K004M-04b m004_oldmale-word-rima-K004M-08a m004_oldmale-word-rima-K004M-08b1 m004_oldmale-word-rima-K004M-08b2 m004_oldmale-word-rima-K004M-08c m004_oldmale-word-rua-K004M-01 m004_oldmale-word-rua-K004M-04 m004_oldmale-word-tae-K004M m004_oldmale-word-tahi-K004M-01 m004_oldmale-word-tahi-K004M-05 m004_oldmale-word-tahi-K004M-07 m004_oldmale-word-tai-K004M m004_oldmale-word-tamariki-K004M-03a m004_oldmale-word-tamariki-K004M-03b m004_oldmale-word-tamariki-K004M-04a m004_oldmale-word-tamariki-K004M-04b m004_oldmale-word-tamariki-K004M-06a m004_oldmale-word-tamariki-K004M-06b m004_oldmale-word-tamariki-K004M-07 m004_oldmale-word-tamariki-K004M-08 m004_oldmale-word-tamariki-K004M-11 m004_oldmale-word-tamariki-K004M-12 m004_oldmale-word-tauhou-K004M-11 m004_oldmale-word-tauhou-K004M-12 m004_oldmale-word-tekau-K004M-03a m004_oldmale-word-tekau-K004M-03b m004_oldmale-word-tekau-K004M-04a m004_oldmale-word-tekau-K004M-04b m004_oldmale-word-tekau-K004M-06 m004_oldmale-word-tekau-K004M-07 m004_oldmale-word-tekau-K004M-08a m004_oldmale-word-tekau-K004M-08b m004_oldmale-word-tekau-K004M-08c m004_oldmale-word-tikanga-K004M-03a m004_oldmale-word-tikanga-K004M-03b m004_oldmale-word-tikanga-K004M-04 m004_oldmale-word-tikanga-K004M-06 m004_oldmale-word-tikanga-K004M-07a m004_oldmale-word-tikanga-K004M-07b1 m004_oldmale-word-tikanga-K004M-07b2 m004_oldmale-word-tikanga-K004M-10 m004_oldmale-word-toetoe-K004M m004_oldmale-word-toi-K004M m004_oldmale-word-toru-K004M-02 m004_oldmale-word-toru-K004M-03 m004_oldmale-word-toru-K004M-05a m004_oldmale-word-toru-K004M-05b m004_oldmale-word-toru-K004M-07 m004_oldmale-word-toru-K004M-08 m004_oldmale-word-täne-K004M m004_oldmale-word-tënei-K004M m004_oldmale-word-tënä_koe-K004M-01 m004_oldmale-word-tïmata-K004M-04 m004_oldmale-word-tïmata-K004M-08 m004_oldmale-word-tïmata-K004M-11 m004_oldmale-word-tü-K004M m004_oldmale-word-türanga-K004M-06 m004_oldmale-word-türanga-K004M-10 m004_oldmale-word-wairua-K004M-01 m004_oldmale-word-wairua-K004M-02 m004_oldmale-word-wairua-K004M-10 m004_oldmale-word-waka-K004M-03 m004_oldmale-word-waka-K004M-11 m004_oldmale-word-waka-K004M-12 m004_oldmale-word-waru-K004M-03a m004_oldmale-word-waru-K004M-03b m004_oldmale-word-whare-K004M-05 m004_oldmale-word-whare-K004M-06 m004_oldmale-word-whare-K004M-12 m004_oldmale-word-whänau-K004M-11a1 m004_oldmale-word-whänau-K004M-11a2 m004_oldmale-word-whänau-K004M-11b m004_oldmale-word-whänau-K004M-12a m004_oldmale-word-whänau-K004M-12b m004_oldmale-word-wä-K004M-02a m004_oldmale-word-wä-K004M-02b m004_oldmale-word-wä-K004M-04 m004_oldmale-word-wä-K004M-10 m004_oldmale-word-wähi-K004M-01 m004_oldmale-word-wähi-K004M-04a m004_oldmale-word-wähi-K004M-04b m004_oldmale-word-wähi-K004M-05 m004_oldmale-word-wähi-K004M-08 m004_oldmale-word-wähi-K004M-11 m004_oldmale-word-wähi-K004M-12
