yf001_youngfemale-word-aroha-L1H01M-04a aroha 
yf001_youngfemale-word-aroha-L1H01M-04b karanga 
yf001_youngfemale-word-awa-L1H01M-03 karanga 
yf001_youngfemale-word-awa-L1H01M-12a awa 
yf001_youngfemale-word-awa-L1H01M-12b awa 
yf001_youngfemale-word-hau-L1H01M karanga 
yf001_youngfemale-word-hei-L1H01M hei 
yf001_youngfemale-word-hoe-L1H01M hoe 
yf001_youngfemale-word-hoihoi-L1H01M hoihoi 
yf001_youngfemale-word-hou-L1H01M waru 
yf001_youngfemale-word-hë-L1H01M kete 
yf001_youngfemale-word-hï-L1H01M iwi 
yf001_youngfemale-word-iwa-L1H01M-07 iwa 
yf001_youngfemale-word-iwi-L1H01M-11 iwi 
yf001_youngfemale-word-ka_pai-L1H01M-06 ka_pai 
yf001_youngfemale-word-karakia-L1H01M-12 karakia 
yf001_youngfemale-word-kei-L1H01M kei 
yf001_youngfemale-word-käinga-L1H01M-02a karanga 
yf001_youngfemale-word-käinga-L1H01M-02b maunga 
yf001_youngfemale-word-käinga-L1H01M-07 karanga 
yf001_youngfemale-word-käinga-L1H01M-08 karanga 
yf001_youngfemale-word-kë-L1H01M kei 
yf001_youngfemale-word-kï-L1H01M hï 
yf001_youngfemale-word-körero-L1H01M-06a körero 
yf001_youngfemale-word-körero-L1H01M-06b körero 
yf001_youngfemale-word-körero-L1H01M-08a körero 
yf001_youngfemale-word-körero-L1H01M-08b körero 
yf001_youngfemale-word-mao-L1H01M maunga 
yf001_youngfemale-word-matariki-L1H01M-12 matariki 
yf001_youngfemale-word-matiu-L1H01M matiu 
yf001_youngfemale-word-mau-L1H01M mau 
yf001_youngfemale-word-moana-L1H01M-05a moana 
yf001_youngfemale-word-moana-L1H01M-05b moana 
yf001_youngfemale-word-moana-L1H01M-05c moana 
yf001_youngfemale-word-mokopuna-L1H01M-04 mokopuna 
yf001_youngfemale-word-moutere-L1H01M moutere 
yf001_youngfemale-word-mäori-L1H01M-06a mäori 
yf001_youngfemale-word-mäori-L1H01M-06b mäori 
yf001_youngfemale-word-mäori-L1H01M-06c mäori 
yf001_youngfemale-word-mäori-L1H01M-06d mäori 
yf001_youngfemale-word-mäori-L1H01M-09 mäori 
yf001_youngfemale-word-mätao-L1H01M mätau 
yf001_youngfemale-word-mätau-L1H01M mätou 
yf001_youngfemale-word-mätou-L1H01M wä toi 
yf001_youngfemale-word-pae-L1H01M pae 
yf001_youngfemale-word-pai-L1H01M hoe 
yf001_youngfemale-word-pao-L1H01M kia_ora 
yf001_youngfemale-word-pau-L1H01M waru 
yf001_youngfemale-word-pou-L1H01M körero 
yf001_youngfemale-word-pö-L1H01M koha 
yf001_youngfemale-word-rua-L1H01M-07a rua 
yf001_youngfemale-word-rua-L1H01M-07b iwa 
yf001_youngfemale-word-rua-L1H01M-08 rua 
yf001_youngfemale-word-tae-L1H01M karanga 
yf001_youngfemale-word-tahi-L1H01M-02 tahi 
yf001_youngfemale-word-tai-L1H01M toi 
yf001_youngfemale-word-tamariki-L1H01M-07a1 tamariki 
yf001_youngfemale-word-tamariki-L1H01M-07a2 tamariki 
yf001_youngfemale-word-tamariki-L1H01M-12a tamariki 
yf001_youngfemale-word-tamariki-L1H01M-12b tamariki 
yf001_youngfemale-word-tangi-L1H01M-13 tangi 
yf001_youngfemale-word-tekau-L1H01M-07 tae 
yf001_youngfemale-word-toetoe-L1H01M toetoe 
yf001_youngfemale-word-toi-L1H01M toi 
yf001_youngfemale-word-toru-L1H01M-03a toru 
yf001_youngfemale-word-toru-L1H01M-03b toru 
yf001_youngfemale-word-toru-L1H01M-03c toru 
yf001_youngfemale-word-toru-L1H01M-07 kia_ora 
yf001_youngfemale-word-täne-L1H01M täne 
yf001_youngfemale-word-tënei-L1H01M kia_ora 
yf001_youngfemale-word-tïmata-L1H01M-02 tïmata 
yf001_youngfemale-word-tïmata-L1H01M-07a tïmata 
yf001_youngfemale-word-tïmata-L1H01M-07b tïmata 
yf001_youngfemale-word-tïmata-L1H01M-10 tïmata 
yf001_youngfemale-word-tïmata-L1H01M-12 tïmata 
yf001_youngfemale-word-tü-L1H01M tü hoe 
yf001_youngfemale-word-türanga-L1H01M-05 tikanga 
yf001_youngfemale-word-waiata-L1H01M-13 waiata 
yf001_youngfemale-word-waka-L1H01M-03a waka 
yf001_youngfemale-word-waka-L1H01M-03b waka 
yf001_youngfemale-word-waka-L1H01M-03c waka 
yf001_youngfemale-word-waka-L1H01M-03d1 waka 
yf001_youngfemale-word-waka-L1H01M-03d2 waka 
yf001_youngfemale-word-waka-L1H01M-05a waka 
yf001_youngfemale-word-waka-L1H01M-05b waka 
yf001_youngfemale-word-waka-L1H01M-07 
yf001_youngfemale-word-whare-L1H01M-12 whare 
yf001_youngfemale-word-whänau-L1H01M-07 whänau 
yf001_youngfemale-word-whänau-L1H01M-12a whänau 
yf001_youngfemale-word-whänau-L1H01M-12b whänau 
yf001_youngfemale-word-whänau-L1H01M-12c whänau 
yf001_youngfemale-word-whänau-L1H01M-12d whänau 
yf001_youngfemale-word-wä-L1H01M-08 wä 
yf001_youngfemale-word-wä-L1H01M-09a moana 
yf001_youngfemale-word-wä-L1H01M-09b wä 
yf001_youngfemale-word-wä-L1H01M-10 wä 
yf001_youngfemale-word-wähi-L1H01M-02 wähi 
yf001_youngfemale-word-wähi-L1H01M-08 wähi 
yf001_youngfemale-word-wähi-L1H01M-12 wähi 
yf002_youngfemale-word-aroha-L1H02M-02 aroha 
yf002_youngfemale-word-awa-L1H02M-13 awa 
yf002_youngfemale-word-e_noho-L1H02M-02a e_noho 
yf002_youngfemale-word-e_noho-L1H02M-02b e_noho 
yf002_youngfemale-word-e_noho-L1H02M-03 e_noho 
yf002_youngfemale-word-e_noho-L1H02M-05 e_noho 
yf002_youngfemale-word-e_noho-L1H02M-08 
yf002_youngfemale-word-e_noho-L1H02M-09a e_noho 
yf002_youngfemale-word-e_noho-L1H02M-09b e_noho 
yf002_youngfemale-word-e_noho-L1H02M-10 e_noho 
yf002_youngfemale-word-e_noho-L1H02M-13 e_noho 
yf002_youngfemale-word-haere_mai-L1H02M-05a haere_mai 
yf002_youngfemale-word-haere_mai-L1H02M-05b karanga 
yf002_youngfemale-word-haere_mai-L1H02M-09a rima 
yf002_youngfemale-word-haere_mai-L1H02M-09b haere_mai 
yf002_youngfemale-word-hapü-L1H02M-04a hapü 
yf002_youngfemale-word-hapü-L1H02M-04b 
yf002_youngfemale-word-hapü-L1H02M-04c hapü 
yf002_youngfemale-word-hapü-L1H02M-04d hapü 
yf002_youngfemale-word-hapü-L1H02M-06a hapü 
yf002_youngfemale-word-hapü-L1H02M-06b hapü 
yf002_youngfemale-word-hau-L1H02M hau 
yf002_youngfemale-word-hei-L1H02M pai 
yf002_youngfemale-word-hoe-L1H02M hoe 
yf002_youngfemale-word-hoihoi-L1H02M hoihoi 
yf002_youngfemale-word-hou-L1H02M hou 
yf002_youngfemale-word-hë-L1H02M kete 
yf002_youngfemale-word-hï-L1H02M hï 
yf002_youngfemale-word-iwa-L1H02M-03 iwa 
yf002_youngfemale-word-iwi-L1H02M-09 iwi 
yf002_youngfemale-word-karakia-L1H02M-13 karakia 
yf002_youngfemale-word-karanga-L1H02M-03 karanga 
yf002_youngfemale-word-karanga-L1H02M-05 karanga 
yf002_youngfemale-word-kaumätua-L1H02M-06 kaumätua 
yf002_youngfemale-word-kaumätua-L1H02M-13 kaumätua 
yf002_youngfemale-word-kei-L1H02M kete 
yf002_youngfemale-word-kia_ora-L1H02M-10 
yf002_youngfemale-word-kuia-L1H02M-03 kuia 
yf002_youngfemale-word-kuia-L1H02M-04 kuia 
yf002_youngfemale-word-kuia-L1H02M-09 kuia 
yf002_youngfemale-word-kuia-L1H02M-12a kuia 
yf002_youngfemale-word-kuia-L1H02M-12b kuia 
yf002_youngfemale-word-käinga-L1H02M-02 käinga 
yf002_youngfemale-word-käinga-L1H02M-04 käinga 
yf002_youngfemale-word-käinga-L1H02M-09 käinga 
yf002_youngfemale-word-käinga-L1H02M-10 karanga 
yf002_youngfemale-word-kë-L1H02M kë 
yf002_youngfemale-word-kï-L1H02M kï 
yf002_youngfemale-word-körero-L1H02M-02 körero 
yf002_youngfemale-word-körero-L1H02M-04 körero 
yf002_youngfemale-word-körero-L1H02M-08 körero 
yf002_youngfemale-word-körero-L1H02M-12 körero 
yf002_youngfemale-word-mao-L1H02M mao 
yf002_youngfemale-word-marae-L1H02M-03 marae 
yf002_youngfemale-word-marae-L1H02M-04a marae 
yf002_youngfemale-word-marae-L1H02M-04b marae 
yf002_youngfemale-word-marae-L1H02M-04c marae 
yf002_youngfemale-word-marae-L1H02M-04d marae 
yf002_youngfemale-word-marae-L1H02M-04e marae 
yf002_youngfemale-word-marae-L1H02M-06a1 maunga 
yf002_youngfemale-word-marae-L1H02M-06a2 marae 
yf002_youngfemale-word-marae-L1H02M-10 marae 
yf002_youngfemale-word-matariki-L1H02M-13 matariki 
yf002_youngfemale-word-matiu-L1H02M matiu 
yf002_youngfemale-word-mau-L1H02M mau 
yf002_youngfemale-word-mihi-L1H02M-10a mihi 
yf002_youngfemale-word-mihi-L1H02M-10b mihi 
yf002_youngfemale-word-moutere-L1H02M moutere 
yf002_youngfemale-word-mäori-L1H02M-02 mäori 
yf002_youngfemale-word-mäori-L1H02M-05a mäori 
yf002_youngfemale-word-mäori-L1H02M-05b mäori 
yf002_youngfemale-word-mäori-L1H02M-05c mäori 
yf002_youngfemale-word-mäori-L1H02M-09 mäori 
yf002_youngfemale-word-mätao-L1H02M mätao 
yf002_youngfemale-word-mätau-L1H02M mätau 
yf002_youngfemale-word-mätou-L1H02M mätou 
yf002_youngfemale-word-ono-L1H02M-11 ono 
yf002_youngfemale-word-pae-L1H02M pae 
yf002_youngfemale-word-pai-L1H02M whänau 
yf002_youngfemale-word-pao-L1H02M pao 
yf002_youngfemale-word-pau-L1H02M whänau 
yf002_youngfemale-word-pou-L1H02M pou 
yf002_youngfemale-word-pö-L1H02M pö 
yf002_youngfemale-word-rima-L1H02M-02 rima 
yf002_youngfemale-word-rima-L1H02M-03 rima 
yf002_youngfemale-word-rima-L1H02M-09 rima 
yf002_youngfemale-word-rua-L1H02M-04 rua 
yf002_youngfemale-word-rua-L1H02M-06 rua 
yf002_youngfemale-word-rua-L1H02M-09 rua 
yf002_youngfemale-word-rua-L1H02M-10 rua 
yf002_youngfemale-word-rua-L1H02M-11a1 rua 
yf002_youngfemale-word-rua-L1H02M-11a2 rua 
yf002_youngfemale-word-rua-L1H02M-11b rua 
yf002_youngfemale-word-tae-L1H02M pae 
yf002_youngfemale-word-tahi-L1H02M-02a tahi 
yf002_youngfemale-word-tahi-L1H02M-02b tahi 
yf002_youngfemale-word-tahi-L1H02M-04 tahi 
yf002_youngfemale-word-tahi-L1H02M-08a tahi 
yf002_youngfemale-word-tahi-L1H02M-08b tahi 
yf002_youngfemale-word-tahi-L1H02M-11a tahi 
yf002_youngfemale-word-tahi-L1H02M-11b tahi 
yf002_youngfemale-word-tai-L1H02M tai 
yf002_youngfemale-word-tamariki-L1H02M-05 tamariki 
yf002_youngfemale-word-tamariki-L1H02M-08 tamariki 
yf002_youngfemale-word-tamariki-L1H02M-09 tamariki 
yf002_youngfemale-word-tamariki-L1H02M-10 tamariki 
yf002_youngfemale-word-tamariki-L1H02M-13a tamariki 
yf002_youngfemale-word-tamariki-L1H02M-13b tamariki 
yf002_youngfemale-word-tangi-L1H02M-14 tangi 
yf002_youngfemale-word-tauhou-L1H02M-13a tauhou 
yf002_youngfemale-word-tauhou-L1H02M-13b tauhou 
yf002_youngfemale-word-tekau-L1H02M-03a tae 
yf002_youngfemale-word-tekau-L1H02M-03b tekau 
yf002_youngfemale-word-tekau-L1H02M-11 tekau 
yf002_youngfemale-word-tikanga-L1H02M-03a tikanga 
yf002_youngfemale-word-tikanga-L1H02M-03b tikanga 
yf002_youngfemale-word-tikanga-L1H02M-04 tikanga 
yf002_youngfemale-word-tikanga-L1H02M-06a tikanga 
yf002_youngfemale-word-tikanga-L1H02M-06b tikanga 
yf002_youngfemale-word-tikanga-L1H02M-11 tikanga 
yf002_youngfemale-word-toetoe-L1H02M toetoe 
yf002_youngfemale-word-toi-L1H02M toi 
yf002_youngfemale-word-toru-L1H02M-02a toru 
yf002_youngfemale-word-toru-L1H02M-02b toru 
yf002_youngfemale-word-toru-L1H02M-04 toru 
yf002_youngfemale-word-toru-L1H02M-05 toru 
yf002_youngfemale-word-toru-L1H02M-07 whare 
yf002_youngfemale-word-toru-L1H02M-09a whare 
yf002_youngfemale-word-toru-L1H02M-09b toru 
yf002_youngfemale-word-täne-L1H02M täne 
yf002_youngfemale-word-tënei-L1H02M tënei 
yf002_youngfemale-word-tïmata-L1H02M-13 tïmata 
yf002_youngfemale-word-tü-L1H02M tü 
yf002_youngfemale-word-waiata-L1H02M-03 waiata 
yf002_youngfemale-word-waiata-L1H02M-13 waiata 
yf002_youngfemale-word-whare-L1H02M-08 whare 
yf002_youngfemale-word-whare-L1H02M-13 whare 
yf002_youngfemale-word-whä-L1H02M-02a whä 
yf002_youngfemale-word-whä-L1H02M-02b whä 
yf002_youngfemale-word-whänau-L1H02M-02 whänau 
yf002_youngfemale-word-whänau-L1H02M-06 whänau 
yf002_youngfemale-word-whänau-L1H02M-10a whänau 
yf002_youngfemale-word-whänau-L1H02M-10b whänau 
yf002_youngfemale-word-whänau-L1H02M-13a whänau 
yf002_youngfemale-word-whänau-L1H02M-13b whänau 
yf002_youngfemale-word-whänau-L1H02M-13c whänau 
yf002_youngfemale-word-wä-L1H02M-02a wä 
yf002_youngfemale-word-wä-L1H02M-02b wä 
yf002_youngfemale-word-wä-L1H02M-05a wä 
yf002_youngfemale-word-wä-L1H02M-05b wä 
yf002_youngfemale-word-wähi-L1H02M-03 wähi 
yf002_youngfemale-word-wähi-L1H02M-04 wähi 
yf002_youngfemale-word-wähi-L1H02M-06 wähi 
yf002_youngfemale-word-wähi-L1H02M-09a wähi 
yf002_youngfemale-word-wähi-L1H02M-09b wähi 
yf002_youngfemale-word-wähi-L1H02M-10 wähi 
yf002_youngfemale-word-wähi-L1H02M-13 wähi 
yf003_youngfemale-word-awa-L1H03M-14 awa 
yf003_youngfemale-word-e_noho-L1H03M-14 e_noho 
yf003_youngfemale-word-hau-L1H03M hau 
yf003_youngfemale-word-hei-L1H03M hei 
yf003_youngfemale-word-hoe-L1H03M hoe 
yf003_youngfemale-word-hoihoi-L1H03M hoihoi 
yf003_youngfemale-word-hou-L1H03M hou 
yf003_youngfemale-word-hë-L1H03M kë 
yf003_youngfemale-word-hï-L1H03M kë 
yf003_youngfemale-word-iwa-L1H03M-02a1 iwa 
yf003_youngfemale-word-iwa-L1H03M-02a2 kia_ora 
yf003_youngfemale-word-iwa-L1H03M-03a1 rima 
yf003_youngfemale-word-iwa-L1H03M-03a2 iwa 
yf003_youngfemale-word-iwa-L1H03M-03a3 iwa 
yf003_youngfemale-word-iwa-L1H03M-03a4 rima 
yf003_youngfemale-word-iwa-L1H03M-08 iwa 
yf003_youngfemale-word-karakia-L1H03M-04 karakia 
yf003_youngfemale-word-karakia-L1H03M-14a karakia 
yf003_youngfemale-word-karakia-L1H03M-14b karakia 
yf003_youngfemale-word-kei-L1H03M kë 
yf003_youngfemale-word-kuia-L1H03M-02 kuia 
yf003_youngfemale-word-käinga-L1H03M-02 käinga 
yf003_youngfemale-word-käinga-L1H03M-06 käinga 
yf003_youngfemale-word-kë-L1H03M kë iwi 
yf003_youngfemale-word-kï-L1H03M kë 
yf003_youngfemale-word-körero-L1H03M-03a körero 
yf003_youngfemale-word-körero-L1H03M-03b körero 
yf003_youngfemale-word-körero-L1H03M-04a körero 
yf003_youngfemale-word-körero-L1H03M-04b körero 
yf003_youngfemale-word-mao-L1H03M mao 
yf003_youngfemale-word-marae-L1H03M-10 marae 
yf003_youngfemale-word-matariki-L1H03M-14 matariki 
yf003_youngfemale-word-matiu-L1H03M matiu 
yf003_youngfemale-word-mau-L1H03M mau 
yf003_youngfemale-word-moutere-L1H03M moutere 
yf003_youngfemale-word-mäori-L1H03M-03 mäori 
yf003_youngfemale-word-mäori-L1H03M-04a mäori 
yf003_youngfemale-word-mäori-L1H03M-04b mäori 
yf003_youngfemale-word-mäori-L1H03M-06 mäori 
yf003_youngfemale-word-mätao-L1H03M mätou 
yf003_youngfemale-word-mätau-L1H03M mätau 
yf003_youngfemale-word-mätou-L1H03M mätou 
yf003_youngfemale-word-ono-L1H03M-02a1 ono 
yf003_youngfemale-word-ono-L1H03M-02a2 ono 
yf003_youngfemale-word-pae-L1H03M pai 
yf003_youngfemale-word-pai-L1H03M pai 
yf003_youngfemale-word-pao-L1H03M waka 
yf003_youngfemale-word-pau-L1H03M hau 
yf003_youngfemale-word-pou-L1H03M körero 
yf003_youngfemale-word-pö-L1H03M pou 
yf003_youngfemale-word-rima-L1H03M-02a rima 
yf003_youngfemale-word-rima-L1H03M-02b rima 
yf003_youngfemale-word-rima-L1H03M-02c rima 
yf003_youngfemale-word-rima-L1H03M-03 rima 
yf003_youngfemale-word-rua-L1H03M-04 rima 
yf003_youngfemale-word-rua-L1H03M-06a rima 
yf003_youngfemale-word-rua-L1H03M-06b rua 
yf003_youngfemale-word-rua-L1H03M-07 rua 
yf003_youngfemale-word-rua-L1H03M-09a whä 
yf003_youngfemale-word-rua-L1H03M-09b ono 
yf003_youngfemale-word-rua-L1H03M-09c rima 
yf003_youngfemale-word-rua-L1H03M-09d rua 
yf003_youngfemale-word-rua-L1H03M-10 rua 
yf003_youngfemale-word-tae-L1H03M täne 
yf003_youngfemale-word-tahi-L1H03M-02 tahi 
yf003_youngfemale-word-tahi-L1H03M-03 hë 
yf003_youngfemale-word-tahi-L1H03M-08 kuia 
yf003_youngfemale-word-tai-L1H03M tai 
yf003_youngfemale-word-tamariki-L1H03M-04 tamariki 
yf003_youngfemale-word-tamariki-L1H03M-14 tamariki 
yf003_youngfemale-word-tangi-L1H03M-15 tangi 
yf003_youngfemale-word-tekau-L1H03M-02a tekau 
yf003_youngfemale-word-tekau-L1H03M-02b tekau 
yf003_youngfemale-word-tekau-L1H03M-02c 
yf003_youngfemale-word-tekau-L1H03M-03 tikanga 
yf003_youngfemale-word-tekau-L1H03M-10 ka_pai 
yf003_youngfemale-word-toetoe-L1H03M toi toi 
yf003_youngfemale-word-toi-L1H03M toi 
yf003_youngfemale-word-toru-L1H03M-02 whare 
yf003_youngfemale-word-toru-L1H03M-04a1 whare 
yf003_youngfemale-word-toru-L1H03M-04a2 whare 
yf003_youngfemale-word-toru-L1H03M-10a1 toru 
yf003_youngfemale-word-toru-L1H03M-10a2 toru 
yf003_youngfemale-word-täne-L1H03M täne 
yf003_youngfemale-word-tënei-L1H03M tënei 
yf003_youngfemale-word-tïmata-L1H03M-14 tïmata 
yf003_youngfemale-word-tü-L1H03M tënei 
yf003_youngfemale-word-waiata-L1H03M-14 waiata 
yf003_youngfemale-word-wairua-L1H03M-12 waru rua 
yf003_youngfemale-word-waka-L1H03M-08 waka 
yf003_youngfemale-word-waru-L1H03M-08 waru 
yf003_youngfemale-word-whare-L1H03M-14 whare 
yf003_youngfemale-word-whitu-L1H03M-09 whitu 
yf003_youngfemale-word-whänau-L1H03M-02 whare 
yf003_youngfemale-word-whänau-L1H03M-11 täne 
yf003_youngfemale-word-whänau-L1H03M-14a whänau 
yf003_youngfemale-word-whänau-L1H03M-14b whänau 
yf003_youngfemale-word-whänau-L1H03M-14c whänau 
yf003_youngfemale-word-wä-L1H03M-04 wä 
yf003_youngfemale-word-wä-L1H03M-07 wä 
yf003_youngfemale-word-wähi-L1H03M-14 wähi 
yf004_youngfemale-word-aroha-L1H04M-05a1 aroha 
yf004_youngfemale-word-aroha-L1H04M-05a2 aroha 
yf004_youngfemale-word-aroha-L1H04M-07 aroha 
yf004_youngfemale-word-aroha-L1H04M-14 karanga 
yf004_youngfemale-word-awa-L1H04M-14a awa 
yf004_youngfemale-word-awa-L1H04M-14b awa 
yf004_youngfemale-word-awa-L1H04M-14c awa 
yf004_youngfemale-word-awa-L1H04M-14d awa 
yf004_youngfemale-word-e_noho-L1H04M-04 e_noho 
yf004_youngfemale-word-e_noho-L1H04M-10 e_noho 
yf004_youngfemale-word-e_noho-L1H04M-11 
yf004_youngfemale-word-e_noho-L1H04M-12 e_noho 
yf004_youngfemale-word-e_noho-L1H04M-14 e_noho 
yf004_youngfemale-word-hapü-L1H04M-08 ka_pai 
yf004_youngfemale-word-hau-L1H04M pau 
yf004_youngfemale-word-hei-L1H04M hei 
yf004_youngfemale-word-hoe-L1H04M hoihoi 
yf004_youngfemale-word-hoihoi-L1H04M hoihoi 
yf004_youngfemale-word-hou-L1H04M pou 
yf004_youngfemale-word-hë-L1H04M kë 
yf004_youngfemale-word-hï-L1H04M hï 
yf004_youngfemale-word-iwi-L1H04M-09 iwi 
yf004_youngfemale-word-iwi-L1H04M-12a1 iwi 
yf004_youngfemale-word-iwi-L1H04M-12a2 iwi 
yf004_youngfemale-word-iwi-L1H04M-14 iwi 
yf004_youngfemale-word-karakia-L1H04M-14 karakia 
yf004_youngfemale-word-kaumätua-L1H04M-02 kaumätua 
yf004_youngfemale-word-kaumätua-L1H04M-03 karanga 
yf004_youngfemale-word-kaumätua-L1H04M-12 kaumätua 
yf004_youngfemale-word-kaumätua-L1H04M-14 kaumätua 
yf004_youngfemale-word-kei-L1H04M kei 
yf004_youngfemale-word-kuia-L1H04M-12a kuia 
yf004_youngfemale-word-kuia-L1H04M-12b kuia 
yf004_youngfemale-word-käinga-L1H04M-14 käinga 
yf004_youngfemale-word-kë-L1H04M kete 
yf004_youngfemale-word-kï-L1H04M kï 
yf004_youngfemale-word-mao-L1H04M mäori 
yf004_youngfemale-word-marae-L1H04M-03a marae 
yf004_youngfemale-word-marae-L1H04M-03b marae 
yf004_youngfemale-word-marae-L1H04M-12 marae 
yf004_youngfemale-word-marae-L1H04M-14 marae 
yf004_youngfemale-word-matariki-L1H04M-14 matariki 
yf004_youngfemale-word-matiu-L1H04M matiu 
yf004_youngfemale-word-mau-L1H04M rima 
yf004_youngfemale-word-moana-L1H04M-11 moana 
yf004_youngfemale-word-moana-L1H04M-12 moana 
yf004_youngfemale-word-moutere-L1H04M moutere 
yf004_youngfemale-word-mäori-L1H04M-03 mäori 
yf004_youngfemale-word-mäori-L1H04M-05 mäori 
yf004_youngfemale-word-mäori-L1H04M-06 mäori 
yf004_youngfemale-word-mätao-L1H04M mätao 
yf004_youngfemale-word-mätau-L1H04M mätou 
yf004_youngfemale-word-mätou-L1H04M mätau 
yf004_youngfemale-word-ono-L1H04M-12a ono 
yf004_youngfemale-word-ono-L1H04M-12b ono 
yf004_youngfemale-word-pae-L1H04M pae 
yf004_youngfemale-word-pai-L1H04M pai 
yf004_youngfemale-word-pao-L1H04M mäori 
yf004_youngfemale-word-pau-L1H04M hau 
yf004_youngfemale-word-pou-L1H04M toru 
yf004_youngfemale-word-pö-L1H04M körero 
yf004_youngfemale-word-rima-L1H04M-02 rima 
yf004_youngfemale-word-rima-L1H04M-03 rima 
yf004_youngfemale-word-rima-L1H04M-04 rima 
yf004_youngfemale-word-rima-L1H04M-06 rima 
yf004_youngfemale-word-rima-L1H04M-10a 
yf004_youngfemale-word-rima-L1H04M-10b1 rima 
yf004_youngfemale-word-rima-L1H04M-10b2 rima 
yf004_youngfemale-word-rua-L1H04M-05 rua 
yf004_youngfemale-word-rua-L1H04M-14 rua 
yf004_youngfemale-word-tae-L1H04M käinga 
yf004_youngfemale-word-tahi-L1H04M-04 tahi 
yf004_youngfemale-word-tahi-L1H04M-07 tahi 
yf004_youngfemale-word-tahi-L1H04M-10 
yf004_youngfemale-word-tahi-L1H04M-11 tahi 
yf004_youngfemale-word-tai-L1H04M tai 
yf004_youngfemale-word-tamariki-L1H04M-04 tamariki 
yf004_youngfemale-word-tamariki-L1H04M-05 tamariki 
yf004_youngfemale-word-tamariki-L1H04M-13 tamariki 
yf004_youngfemale-word-tamariki-L1H04M-14a tamariki 
yf004_youngfemale-word-tamariki-L1H04M-14b tamariki 
yf004_youngfemale-word-tangi-L1H04M-15 tangi 
yf004_youngfemale-word-taringa-L1H04M-03 taringa 
yf004_youngfemale-word-tauhou-L1H04M-14a karanga 
yf004_youngfemale-word-tauhou-L1H04M-14b tauhou 
yf004_youngfemale-word-tekau-L1H04M-04 tae 
yf004_youngfemale-word-tekau-L1H04M-06 tekau 
yf004_youngfemale-word-tekau-L1H04M-13 tekau 
yf004_youngfemale-word-toetoe-L1H04M toetoe 
yf004_youngfemale-word-toi-L1H04M toi 
yf004_youngfemale-word-toru-L1H04M-02 wähi 
yf004_youngfemale-word-toru-L1H04M-07a1 karanga 
yf004_youngfemale-word-toru-L1H04M-07a2 whare 
yf004_youngfemale-word-toru-L1H04M-10 toru 
yf004_youngfemale-word-toru-L1H04M-11a1 toru 
yf004_youngfemale-word-toru-L1H04M-11a2 whare 
yf004_youngfemale-word-toru-L1H04M-11b whare 
yf004_youngfemale-word-toru-L1H04M-13 whare 
yf004_youngfemale-word-täne-L1H04M hängi 
yf004_youngfemale-word-tënei-L1H04M tënä_koe 
yf004_youngfemale-word-tïmata-L1H04M-02 tïmata 
yf004_youngfemale-word-tïmata-L1H04M-10 tïmata 
yf004_youngfemale-word-tïmata-L1H04M-11 tïmata 
yf004_youngfemale-word-tïmata-L1H04M-14 tïmata 
yf004_youngfemale-word-tü-L1H04M tü 
yf004_youngfemale-word-türanga-L1H04M-10 türanga 
yf004_youngfemale-word-waiata-L1H04M-04a waiata 
yf004_youngfemale-word-waiata-L1H04M-04b waiata 
yf004_youngfemale-word-waiata-L1H04M-14 waiata 
yf004_youngfemale-word-wairua-L1H04M-03 wairua 
yf004_youngfemale-word-waka-L1H04M-14 waka 
yf004_youngfemale-word-waru-L1H04M-02 waru 
yf004_youngfemale-word-whare-L1H04M-06 whare 
yf004_youngfemale-word-whare-L1H04M-11 whare 
yf004_youngfemale-word-whare-L1H04M-13 whare 
yf004_youngfemale-word-whare-L1H04M-14 whare 
yf004_youngfemale-word-whä-L1H04M-05 whä 
yf004_youngfemale-word-whä-L1H04M-11 whä 
yf004_youngfemale-word-whä-L1H04M-13a whä 
yf004_youngfemale-word-whä-L1H04M-13b whä 
yf004_youngfemale-word-whänau-L1H04M-11 täne 
yf004_youngfemale-word-whänau-L1H04M-12 whare 
yf004_youngfemale-word-whänau-L1H04M-14a whänau 
yf004_youngfemale-word-whänau-L1H04M-14b täne 
yf004_youngfemale-word-wä-L1H04M-02 wä 
yf004_youngfemale-word-wä-L1H04M-03a wä 
yf004_youngfemale-word-wä-L1H04M-03b wä 
yf004_youngfemale-word-wä-L1H04M-08 wä 
yf004_youngfemale-word-wähi-L1H04M-07a wähi 
yf004_youngfemale-word-wähi-L1H04M-07b wähi 
yf004_youngfemale-word-wähi-L1H04M-12 wähi 
yf004_youngfemale-word-wähi-L1H04M-14 wähi 
yf005_youngfemale-word-awa-L1H05M-05a awa 
yf005_youngfemale-word-awa-L1H05M-05b1 awa 
yf005_youngfemale-word-awa-L1H05M-05b2 awa 
yf005_youngfemale-word-awa-L1H05M-12a awa 
yf005_youngfemale-word-awa-L1H05M-12b aroha 
yf005_youngfemale-word-awa-L1H05M-12c awa 
yf005_youngfemale-word-e_noho-L1H05M-12 e_noho 
yf005_youngfemale-word-haere_mai-L1H05M-06 haere_mai 
yf005_youngfemale-word-haere_mai-L1H05M-10 haere_mai 
yf005_youngfemale-word-hapü-L1H05M-02 hapü 
yf005_youngfemale-word-hapü-L1H05M-03 hapü 
yf005_youngfemale-word-hau-L1H05M hau 
yf005_youngfemale-word-hei-L1H05M hei 
yf005_youngfemale-word-hoe-L1H05M wähi 
yf005_youngfemale-word-hoihoi-L1H05M hoihoi 
yf005_youngfemale-word-hou-L1H05M körero 
yf005_youngfemale-word-hë-L1H05M hë 
yf005_youngfemale-word-hï-L1H05M hei 
yf005_youngfemale-word-iwa-L1H05M-02a1 rima 
yf005_youngfemale-word-iwa-L1H05M-02a2 rima 
yf005_youngfemale-word-iwi-L1H05M-02a iwi 
yf005_youngfemale-word-iwi-L1H05M-02b iwi 
yf005_youngfemale-word-ka_pai-L1H05M-08 ka_pai 
yf005_youngfemale-word-karakia-L1H05M-12 karakia 
yf005_youngfemale-word-kaumätua-L1H05M-12 kaumätua 
yf005_youngfemale-word-kei-L1H05M kei 
yf005_youngfemale-word-kia_ora-L1H05M-04a1 kia_ora 
yf005_youngfemale-word-kia_ora-L1H05M-04a2 kia_ora 
yf005_youngfemale-word-kia_ora-L1H05M-06 kia_ora 
yf005_youngfemale-word-kia_ora-L1H05M-10 kia_ora 
yf005_youngfemale-word-käinga-L1H05M-06 käinga 
yf005_youngfemale-word-käinga-L1H05M-12a käinga 
yf005_youngfemale-word-käinga-L1H05M-12b käinga 
yf005_youngfemale-word-kë-L1H05M hou 
yf005_youngfemale-word-kï-L1H05M tü 
yf005_youngfemale-word-körero-L1H05M-02 körero 
yf005_youngfemale-word-körero-L1H05M-04 körero 
yf005_youngfemale-word-körero-L1H05M-10 toru 
yf005_youngfemale-word-körero-L1H05M-11 körero 
yf005_youngfemale-word-mao-L1H05M mäori 
yf005_youngfemale-word-marae-L1H05M-02a maunga 
yf005_youngfemale-word-marae-L1H05M-02b marae 
yf005_youngfemale-word-marae-L1H05M-04 marae 
yf005_youngfemale-word-marae-L1H05M-05a1 marae 
yf005_youngfemale-word-marae-L1H05M-05a2 marae 
yf005_youngfemale-word-marae-L1H05M-05b marae 
yf005_youngfemale-word-marae-L1H05M-05c marae 
yf005_youngfemale-word-matariki-L1H05M-12 matariki 
yf005_youngfemale-word-matiu-L1H05M matiu 
yf005_youngfemale-word-mau-L1H05M mau 
yf005_youngfemale-word-maunga-L1H05M-02 käinga 
yf005_youngfemale-word-moutere-L1H05M moutere 
yf005_youngfemale-word-mäori-L1H05M-03 mäori 
yf005_youngfemale-word-mäori-L1H05M-09 mäori 
yf005_youngfemale-word-mäori-L1H05M-10 mäori 
yf005_youngfemale-word-mätao-L1H05M mätao 
yf005_youngfemale-word-mätau-L1H05M mätau 
yf005_youngfemale-word-mätou-L1H05M mätou 
yf005_youngfemale-word-ono-L1H05M-01 ono 
yf005_youngfemale-word-ono-L1H05M-08 awa 
yf005_youngfemale-word-pae-L1H05M pai 
yf005_youngfemale-word-pai-L1H05M pau 
yf005_youngfemale-word-pao-L1H05M wä 
yf005_youngfemale-word-pau-L1H05M pau 
yf005_youngfemale-word-pou-L1H05M körero 
yf005_youngfemale-word-pö-L1H05M pö 
yf005_youngfemale-word-pöwhiri-L1H05M-10 whitu 
yf005_youngfemale-word-rima-L1H05M-03 rima 
yf005_youngfemale-word-rua-L1H05M-03 wä 
yf005_youngfemale-word-rua-L1H05M-10 rua 
yf005_youngfemale-word-tae-L1H05M pae 
yf005_youngfemale-word-tahi-L1H05M-02 tahi 
yf005_youngfemale-word-tahi-L1H05M-07 tahi 
yf005_youngfemale-word-tahi-L1H05M-11 tahi 
yf005_youngfemale-word-tai-L1H05M pai 
yf005_youngfemale-word-tamariki-L1H05M-11 tamariki 
yf005_youngfemale-word-tamariki-L1H05M-12a tamariki 
yf005_youngfemale-word-tamariki-L1H05M-12b tamariki 
yf005_youngfemale-word-tangi-L1H05M-06a1.wav tangi 
yf005_youngfemale-word-tangi-L1H05M-06a2 tangi 
yf005_youngfemale-word-tangi-L1H05M-13 tangi rua 
yf005_youngfemale-word-tauhou-L1H05M-12 whänau mäori 
yf005_youngfemale-word-tekau-L1H05M-10 tekau 
yf005_youngfemale-word-tikanga-L1H05M-10 tikanga 
yf005_youngfemale-word-toetoe-L1H05M toetoe 
yf005_youngfemale-word-toi-L1H05M toi 
yf005_youngfemale-word-toru-L1H05M-02 whare 
yf005_youngfemale-word-toru-L1H05M-05 toru 
yf005_youngfemale-word-täne-L1H05M hängi 
yf005_youngfemale-word-tënei-L1H05M kia_ora 
yf005_youngfemale-word-tïmata-L1H05M-04 tïmata 
yf005_youngfemale-word-tïmata-L1H05M-10 tïmata 
yf005_youngfemale-word-tïmata-L1H05M-12 tïmata 
yf005_youngfemale-word-tü-L1H05M tü iwi 
yf005_youngfemale-word-türanga-L1H05M-10 tikanga 
yf005_youngfemale-word-waewae-L1H05M-08 maunga 
yf005_youngfemale-word-waiata-L1H05M-07 wä 
yf005_youngfemale-word-waiata-L1H05M-08 mätau 
yf005_youngfemale-word-waiata-L1H05M-09 mätau 
yf005_youngfemale-word-waiata-L1H05M-12 waiata 
yf005_youngfemale-word-wairua-L1H05M-11 wairua 
yf005_youngfemale-word-waka-L1H05M-02 waka 
yf005_youngfemale-word-waka-L1H05M-04a waka 
yf005_youngfemale-word-waka-L1H05M-04b waka 
yf005_youngfemale-word-waka-L1H05M-06a waka 
yf005_youngfemale-word-waka-L1H05M-06b waka 
yf005_youngfemale-word-waka-L1H05M-06c1 waka 
yf005_youngfemale-word-waka-L1H05M-06c2 waka 
yf005_youngfemale-word-waka-L1H05M-06d waka 
yf005_youngfemale-word-waka-L1H05M-07 waka 
yf005_youngfemale-word-whare-L1H05M-12 whare 
yf005_youngfemale-word-whitu-L1H05M-10 whitu 
yf005_youngfemale-word-whä-L1H05M-03 whä 
yf005_youngfemale-word-whä-L1H05M-10 whä 
yf005_youngfemale-word-whänau-L1H05M-06a whä karanga 
yf005_youngfemale-word-whänau-L1H05M-06b taringa 
yf005_youngfemale-word-wä-L1H05M-11 
yf005_youngfemale-word-wähi-L1H05M-06 wähi 
yf005_youngfemale-word-wähi-L1H05M-11 wähi 
yf005_youngfemale-word-wähi-L1H05M-12 wähi 
yf006_youngfemale-word-aroha-L1H06M-04 aroha 
yf006_youngfemale-word-awa-L1H06M-01a awa 
yf006_youngfemale-word-e_noho-L1H06M-16 e_noho 
yf006_youngfemale-word-haere_mai-L1H06M-03 haere_mai 
yf006_youngfemale-word-haere_mai-L1H06M-04 haere_mai 
yf006_youngfemale-word-haere_mai-L1H06M-12a haere_mai 
yf006_youngfemale-word-haere_mai-L1H06M-12b haere_mai 
yf006_youngfemale-word-haere_mai-L1H06M-13 haere_mai 
yf006_youngfemale-word-haere_mai-L1H06M-14 haere_mai 
yf006_youngfemale-word-haere_mai-L1H06M-15 karanga 
yf006_youngfemale-word-haere_mai-L1H06M-17a haere_mai 
yf006_youngfemale-word-haere_mai-L1H06M-17b haere_mai 
yf006_youngfemale-word-hapü-L1H06M-10 toi 
yf006_youngfemale-word-hapü-L1H06M-17 hapü 
yf006_youngfemale-word-hau-L1H06M hau 
yf006_youngfemale-word-hei-L1H06M tai 
yf006_youngfemale-word-hoe-L1H06M hoe 
yf006_youngfemale-word-hoihoi-L1H06M hoihoi 
yf006_youngfemale-word-hou-L1H06M hoe 
yf006_youngfemale-word-hë-L1H06M hë 
yf006_youngfemale-word-hï-L1H06M hï 
yf006_youngfemale-word-iwa-L1H06M-13a iwa 
yf006_youngfemale-word-iwa-L1H06M-13b1 iwa 
yf006_youngfemale-word-iwa-L1H06M-13b2 kï whä 
yf006_youngfemale-word-iwi-L1H06M-08 iwi 
yf006_youngfemale-word-karakia-L1H06M-16a karakia 
yf006_youngfemale-word-karakia-L1H06M-16b karakia 
yf006_youngfemale-word-karakia-L1H06M-16c karakia 
yf006_youngfemale-word-kaumätua-L1H06M-06 kaumätua 
yf006_youngfemale-word-kaumätua-L1H06M-16 mätou 
yf006_youngfemale-word-kei-L1H06M kei 
yf006_youngfemale-word-kuia-L1H06M-07 karanga 
yf006_youngfemale-word-käinga-L1H06M-01 käinga 
yf006_youngfemale-word-käinga-L1H06M-05a käinga 
yf006_youngfemale-word-käinga-L1H06M-05b käinga 
yf006_youngfemale-word-käinga-L1H06M-15 karanga 
yf006_youngfemale-word-kë-L1H06M kë 
yf006_youngfemale-word-kï-L1H06M kë 
yf006_youngfemale-word-körero-L1H06M-06 körero 
yf006_youngfemale-word-körero-L1H06M-08 körero 
yf006_youngfemale-word-körero-L1H06M-14 körero 
yf006_youngfemale-word-körero-L1H06M-16 körero 
yf006_youngfemale-word-mao-L1H06M mao ono 
yf006_youngfemale-word-marae-L1H06M-13a marae 
yf006_youngfemale-word-marae-L1H06M-13b marae 
yf006_youngfemale-word-marae-L1H06M-13c marae 
yf006_youngfemale-word-marae-L1H06M-13d marae 
yf006_youngfemale-word-marae-L1H06M-14 marae 
yf006_youngfemale-word-marae-L1H06M-17 marae 
yf006_youngfemale-word-matariki-L1H06M-01 matariki 
yf006_youngfemale-word-matiu-L1H06M matiu 
yf006_youngfemale-word-mau-L1H06M rima 
yf006_youngfemale-word-moutere-L1H06M moutere 
yf006_youngfemale-word-mäori-L1H06M-05a mäori 
yf006_youngfemale-word-mäori-L1H06M-05b mäori 
yf006_youngfemale-word-mäori-L1H06M-06 mäori 
yf006_youngfemale-word-mäori-L1H06M-08 mäori 
yf006_youngfemale-word-mätao-L1H06M mätao 
yf006_youngfemale-word-mätau-L1H06M whä whare 
yf006_youngfemale-word-mätou-L1H06M mätau 
yf006_youngfemale-word-ono-L1H06M-06 ono 
yf006_youngfemale-word-ono-L1H06M-13 ono 
yf006_youngfemale-word-pae-L1H06M pae 
yf006_youngfemale-word-pai-L1H06M käinga 
yf006_youngfemale-word-pao-L1H06M pao hou 
yf006_youngfemale-word-pau-L1H06M pai 
yf006_youngfemale-word-pou-L1H06M pai 
yf006_youngfemale-word-pö-L1H06M koha 
yf006_youngfemale-word-rima-L1H06M-10 rima 
yf006_youngfemale-word-rima-L1H06M-12 rima 
yf006_youngfemale-word-rima-L1H06M-13 rima 
yf006_youngfemale-word-rua-L1H06M-06 rua 
yf006_youngfemale-word-tae-L1H06M täne 
yf006_youngfemale-word-tahi-L1H06M-03 whare 
yf006_youngfemale-word-tahi-L1H06M-07 tahi 
yf006_youngfemale-word-tahi-L1H06M-13 tahi 
yf006_youngfemale-word-tahi-L1H06M-15 tahi 
yf006_youngfemale-word-tahi-L1H06M-16 tahi 
yf006_youngfemale-word-tai-L1H06M käinga 
yf006_youngfemale-word-tamariki-L1H06M-01a tamariki 
yf006_youngfemale-word-tamariki-L1H06M-01b tamariki 
yf006_youngfemale-word-tangi-L1H06M-02 tangi 
yf006_youngfemale-word-tangi-L1H06M-14 tangi 
yf006_youngfemale-word-tekau-L1H06M-03 tekau 
yf006_youngfemale-word-tekau-L1H06M-06 tekau 
yf006_youngfemale-word-tekau-L1H06M-07 tai 
yf006_youngfemale-word-tekau-L1H06M-10a tai 
yf006_youngfemale-word-tekau-L1H06M-10b tekau 
yf006_youngfemale-word-tekau-L1H06M-13a tekau 
yf006_youngfemale-word-tekau-L1H06M-13b tikanga 
yf006_youngfemale-word-tekau-L1H06M-15 kete 
yf006_youngfemale-word-tikanga-L1H06M-05 tikanga 
yf006_youngfemale-word-tikanga-L1H06M-06 tikanga 
yf006_youngfemale-word-tikanga-L1H06M-08 tikanga 
yf006_youngfemale-word-toetoe-L1H06M toetoe 
yf006_youngfemale-word-toi-L1H06M toi 
yf006_youngfemale-word-toru-L1H06M-03 toru 
yf006_youngfemale-word-täne-L1H06M täne 
yf006_youngfemale-word-tënei-L1H06M tënei 
yf006_youngfemale-word-tïmata-L1H06M-01 tïmata 
yf006_youngfemale-word-tïmata-L1H06M-12 tïmata 
yf006_youngfemale-word-tü-L1H06M tü iwi 
yf006_youngfemale-word-waka-L1H06M-09 wä 
yf006_youngfemale-word-waka-L1H06M-10a1 waka 
yf006_youngfemale-word-waka-L1H06M-10a2 waka 
yf006_youngfemale-word-waka-L1H06M-16 waka 
yf006_youngfemale-word-waru-L1H06M-13a whare 
yf006_youngfemale-word-waru-L1H06M-13b whare 
yf006_youngfemale-word-whare-L1H06M-01 whare 
yf006_youngfemale-word-whare-L1H06M-09 whare 
yf006_youngfemale-word-whare-L1H06M-16 whare 
yf006_youngfemale-word-whitu-L1H06M-04 whitu 
yf006_youngfemale-word-whitu-L1H06M-18 whitu 
yf006_youngfemale-word-whä-L1H06M-03a whänau 
yf006_youngfemale-word-whä-L1H06M-03b whä 
yf006_youngfemale-word-whä-L1H06M-12 whä 
yf006_youngfemale-word-wä-L1H06M-03 wä 
yf006_youngfemale-word-wä-L1H06M-04 wä 
yf006_youngfemale-word-wä-L1H06M-05 wä 
yf006_youngfemale-word-wä-L1H06M-06 wä 
yf006_youngfemale-word-wähi-L1H06M-01 wähi 
yf007_youngfemale-word-awa-L2H02M-13a awa 
yf007_youngfemale-word-awa-L2H02M-13b aroha 
yf007_youngfemale-word-e_noho-L2H02M-04 e_noho 
yf007_youngfemale-word-hapü-L2H02M-10 matiu 
yf007_youngfemale-word-karakia-L2H02M-13 karakia 
yf007_youngfemale-word-kete-L2H02M-06 kete 
yf007_youngfemale-word-kuia-L2H02M-12 kuia 
yf007_youngfemale-word-körero-L2H02M-04 körero 
yf007_youngfemale-word-körero-L2H02M-05 körero 
yf007_youngfemale-word-körero-L2H02M-07 körero 
yf007_youngfemale-word-körero-L2H02M-10 körero 
yf007_youngfemale-word-marae-L2H02M-04 marae 
yf007_youngfemale-word-marae-L2H02M-07a marae 
yf007_youngfemale-word-marae-L2H02M-07b marae 
yf007_youngfemale-word-marae-L2H02M-07c marae 
yf007_youngfemale-word-marae-L2H02M-07d1 marae 
yf007_youngfemale-word-marae-L2H02M-07d2 mau marae 
yf007_youngfemale-word-marae-L2H02M-08a marae 
yf007_youngfemale-word-marae-L2H02M-08b marae 
yf007_youngfemale-word-matariki-L2H02M-13 matariki 
yf007_youngfemale-word-moana-L2H02M-03 moana 
yf007_youngfemale-word-mokopuna-L2H02M-09 mokopuna 
yf007_youngfemale-word-mäori-L2H02M-02 mäori 
yf007_youngfemale-word-mäori-L2H02M-06 mäori 
yf007_youngfemale-word-mäori-L2H02M-07 mäori 
yf007_youngfemale-word-mäori-L2H02M-08 mäori 
yf007_youngfemale-word-mäori-L2H02M-10 mäori 
yf007_youngfemale-word-ono-L2H02M-05 ono 
yf007_youngfemale-word-ono-L2H02M-06a1 ono 
yf007_youngfemale-word-ono-L2H02M-06a2 ono 
yf007_youngfemale-word-rua-L2H02M-02 rua 
yf007_youngfemale-word-rua-L2H02M-04 rua 
yf007_youngfemale-word-rua-L2H02M-05 rua 
yf007_youngfemale-word-rua-L2H02M-07 rua 
yf007_youngfemale-word-rua-L2H02M-11a rua 
yf007_youngfemale-word-rua-L2H02M-11b rua 
yf007_youngfemale-word-rua-L2H02M-11c rua 
yf007_youngfemale-word-rua-L2H02M-14 rua 
yf007_youngfemale-word-tahi-L2H02M-02a tahi 
yf007_youngfemale-word-tahi-L2H02M-02b tahi 
yf007_youngfemale-word-tahi-L2H02M-02c tahi 
yf007_youngfemale-word-tahi-L2H02M-02d tahi 
yf007_youngfemale-word-tahi-L2H02M-03a tahi 
yf007_youngfemale-word-tahi-L2H02M-03b tahi 
yf007_youngfemale-word-tahi-L2H02M-05 tahi 
yf007_youngfemale-word-tahi-L2H02M-10 tahi 
yf007_youngfemale-word-tahi-L2H02M-14 tangi 
yf007_youngfemale-word-tamariki-L2H02M-02 tamariki 
yf007_youngfemale-word-tamariki-L2H02M-06 tamariki 
yf007_youngfemale-word-tamariki-L2H02M-13a tamariki 
yf007_youngfemale-word-tamariki-L2H02M-13b tamariki 
yf007_youngfemale-word-tangi-L2H02M-14 tangi 
yf007_youngfemale-word-tauhou-L2H02M-13 tauhou 
yf007_youngfemale-word-tekau-L2H02M-02 tekau 
yf007_youngfemale-word-tekau-L2H02M-06 tai 
yf007_youngfemale-word-tekau-L2H02M-07 tekau 
yf007_youngfemale-word-tekau-L2H02M-08 tikanga 
yf007_youngfemale-word-tikanga-L2H02M-03 tikanga 
yf007_youngfemale-word-tikanga-L2H02M-05 tikanga 
yf007_youngfemale-word-tïmata-L2H02M-12 tïmata 
yf007_youngfemale-word-tïmata-L2H02M-13 tïmata 
yf007_youngfemale-word-türanga-L2H02M-09 türanga 
yf007_youngfemale-word-waiata-L2H02M-03 waiata 
yf007_youngfemale-word-waiata-L2H02M-10a waiata 
yf007_youngfemale-word-waiata-L2H02M-10b wä 
yf007_youngfemale-word-waiata-L2H02M-13 waiata 
yf007_youngfemale-word-waka-L2H02M-05 waka 
yf007_youngfemale-word-waru-L2H02M-04 waru 
yf007_youngfemale-word-waru-L2H02M-06 waru 
yf007_youngfemale-word-whare-L2H02M-02 whare 
yf007_youngfemale-word-whare-L2H02M-09 whare 
yf007_youngfemale-word-whare-L2H02M-13 whare 
yf007_youngfemale-word-whitu-L2H02M-06 whitu 
yf007_youngfemale-word-whitu-L2H02M-07 whitu 
yf007_youngfemale-word-whitu-L2H02M-08 whitu 
yf007_youngfemale-word-whä-L2H02M-05 whä 
yf007_youngfemale-word-whä-L2H02M-06 whä 
yf007_youngfemale-word-wä-L2H02M-03 wä 
yf007_youngfemale-word-wä-L2H02M-04 wä 
yf007_youngfemale-word-wä-L2H02M-10 wä 
yf007_youngfemale-word-wähi-L2H02M-02 tangi 
yf007_youngfemale-word-wähi-L2H02M-07 wähi 
yf007_youngfemale-word-wähi-L2H02M-11 wähi 
yf007_youngfemale-word-wähi-L2H02M-13 wähi 
yf008_youngfemale-word-aroha-L2H03M-10 aroha 
yf008_youngfemale-word-awa-L2H03M-13a wä 
yf008_youngfemale-word-awa-L2H03M-13b wä 
yf008_youngfemale-word-awa-L2H03M-13c awa 
yf008_youngfemale-word-e_noho-L2H03M-12 e_noho 
yf008_youngfemale-word-iwa-L2H03M-02a iwa 
yf008_youngfemale-word-iwa-L2H03M-02b kia_ora 
yf008_youngfemale-word-iwa-L2H03M-02c kia_ora 
yf008_youngfemale-word-iwa-L2H03M-03 rima 
yf008_youngfemale-word-iwa-L2H03M-09a iwa 
yf008_youngfemale-word-iwa-L2H03M-09b iwa 
yf008_youngfemale-word-iwa-L2H03M-10a 
yf008_youngfemale-word-iwa-L2H03M-10b1 pae 
yf008_youngfemale-word-iwa-L2H03M-10b2 wä 
yf008_youngfemale-word-karakia-L2H03M-12 karakia 
yf008_youngfemale-word-kaumätua-L2H03M-13 kaumätua 
yf008_youngfemale-word-kete-L2H03M-04 kete 
yf008_youngfemale-word-kia_ora-L2H03M-01 kia_ora 
yf008_youngfemale-word-kuia-L2H03M-06a kete 
yf008_youngfemale-word-kuia-L2H03M-06b kuia 
yf008_youngfemale-word-kuia-L2H03M-10 kuia 
yf008_youngfemale-word-käinga-L2H03M-02a käinga 
yf008_youngfemale-word-käinga-L2H03M-02b käinga 
yf008_youngfemale-word-käinga-L2H03M-06 käinga 
yf008_youngfemale-word-käinga-L2H03M-10 käinga 
yf008_youngfemale-word-körero-L2H03M-02 körero 
yf008_youngfemale-word-körero-L2H03M-06 körero 
yf008_youngfemale-word-körero-L2H03M-08 körero 
yf008_youngfemale-word-körero-L2H03M-12 körero 
yf008_youngfemale-word-matariki-L2H03M-12 matariki 
yf008_youngfemale-word-moana-L2H03M-04 moana 
yf008_youngfemale-word-mäori-L2H03M-04a mäori 
yf008_youngfemale-word-mäori-L2H03M-04b mäori 
yf008_youngfemale-word-mäori-L2H03M-04c mäori 
yf008_youngfemale-word-mäori-L2H03M-04d mäori 
yf008_youngfemale-word-mäori-L2H03M-04e mäori 
yf008_youngfemale-word-mäori-L2H03M-04f mäori 
yf008_youngfemale-word-mäori-L2H03M-07 mäori 
yf008_youngfemale-word-ono-L2H03M-09 ono 
yf008_youngfemale-word-rua-L2H03M-02a1 
yf008_youngfemale-word-rua-L2H03M-02a2 rima 
yf008_youngfemale-word-rua-L2H03M-02b 
yf008_youngfemale-word-rua-L2H03M-08 rua 
yf008_youngfemale-word-tahi-L2H03M-02 tahi 
yf008_youngfemale-word-tahi-L2H03M-06 tahi 
yf008_youngfemale-word-tamariki-L2H03M-03 tamariki 
yf008_youngfemale-word-tamariki-L2H03M-05 tamariki 
yf008_youngfemale-word-tamariki-L2H03M-06 tamariki 
yf008_youngfemale-word-tamariki-L2H03M-07a tamariki 
yf008_youngfemale-word-tamariki-L2H03M-07b tamariki 
yf008_youngfemale-word-tangi-L2H03M-13 tangi 
yf008_youngfemale-word-tauhou-L2H03M-12 tauhou 
yf008_youngfemale-word-tekau-L2H03M-02a kete 
yf008_youngfemale-word-tekau-L2H03M-02b tekau 
yf008_youngfemale-word-tekau-L2H03M-02c kete hau 
yf008_youngfemale-word-tekau-L2H03M-03 toetoe 
yf008_youngfemale-word-tekau-L2H03M-09 toetoe 
yf008_youngfemale-word-tikanga-L2H03M-02 tikanga 
yf008_youngfemale-word-tikanga-L2H03M-12 tekau 
yf008_youngfemale-word-tïmata-L2H03M-03a tïmata 
yf008_youngfemale-word-tïmata-L2H03M-03b kia_ora tae 
yf008_youngfemale-word-tïmata-L2H03M-08 tïmata 
yf008_youngfemale-word-tïmata-L2H03M-12 tïmata 
yf008_youngfemale-word-waka-L2H03M-13 waka 
yf008_youngfemale-word-waru-L2H03M-09 waru 
yf008_youngfemale-word-whare-L2H03M-04 whare 
yf008_youngfemale-word-whare-L2H03M-06 whare 
yf008_youngfemale-word-whare-L2H03M-10 whare 
yf008_youngfemale-word-whare-L2H03M-12 whare 
yf008_youngfemale-word-whitu-L2H03M-02a whitu 
yf008_youngfemale-word-whitu-L2H03M-02b whitu 
yf008_youngfemale-word-whitu-L2H03M-09 whitu 
yf008_youngfemale-word-wä-L2H03M-03 wä 
yf008_youngfemale-word-wä-L2H03M-07 wä 
yf008_youngfemale-word-wä-L2H03M-08 marae 
yf008_youngfemale-word-wä-L2H03M-10a wä 
yf008_youngfemale-word-wä-L2H03M-10b wä 
yf008_youngfemale-word-wähi-L2H03M-03a wähi 
yf008_youngfemale-word-wähi-L2H03M-03b wähi 
yf008_youngfemale-word-wähi-L2H03M-04 wähi 
yf008_youngfemale-word-wähi-L2H03M-08 wähi 
yf008_youngfemale-word-wähi-L2H03M-12 wähi 
yf009_youngfemale-word-aroha-L2H04M-03 aroha 
yf009_youngfemale-word-aroha-L2H04M-04 aroha 
yf009_youngfemale-word-aroha-L2H04M-05 aroha 
yf009_youngfemale-word-aroha-L2H04M-09 wä aroha 
yf009_youngfemale-word-e_noho-L2H04M-14 e_noho 
yf009_youngfemale-word-haere_mai-L2H04M-07a haere_mai 
yf009_youngfemale-word-haere_mai-L2H04M-07b kaumätua 
yf009_youngfemale-word-hapü-L2H04M-09a hapü 
yf009_youngfemale-word-hapü-L2H04M-09b hapü 
yf009_youngfemale-word-iwa-L2H04M-02a1 iwi 
yf009_youngfemale-word-iwa-L2H04M-02a2 iwi 
yf009_youngfemale-word-iwi-L2H04M-09a iwi 
yf009_youngfemale-word-iwi-L2H04M-09b iwi 
yf009_youngfemale-word-iwi-L2H04M-09c iwi 
yf009_youngfemale-word-iwi-L2H04M-09d iwi 
yf009_youngfemale-word-iwi-L2H04M-14 iwi 
yf009_youngfemale-word-karakia-L2H04M-10 karakia 
yf009_youngfemale-word-karakia-L2H04M-14 karakia 
yf009_youngfemale-word-karanga-L2H04M-06a karanga 
yf009_youngfemale-word-karanga-L2H04M-06b 
yf009_youngfemale-word-karanga-L2H04M-06c karanga 
yf009_youngfemale-word-karanga-L2H04M-06d karanga 
yf009_youngfemale-word-karanga-L2H04M-06e karanga 
yf009_youngfemale-word-karanga-L2H04M-06f karanga 
yf009_youngfemale-word-karanga-L2H04M-08 karanga 
yf009_youngfemale-word-kaumätua-L2H04M-08 kaumätua 
yf009_youngfemale-word-kuia-L2H04M-03 kuia 
yf009_youngfemale-word-kuia-L2H04M-06a kuia 
yf009_youngfemale-word-kuia-L2H04M-06b kuia 
yf009_youngfemale-word-kuia-L2H04M-07 kuia 
yf009_youngfemale-word-kuia-L2H04M-09a kuia 
yf009_youngfemale-word-kuia-L2H04M-09b kuia 
yf009_youngfemale-word-käinga-L2H04M-04 karanga 
yf009_youngfemale-word-käinga-L2H04M-05 käinga 
yf009_youngfemale-word-käinga-L2H04M-08a karanga 
yf009_youngfemale-word-käinga-L2H04M-08b käinga 
yf009_youngfemale-word-käinga-L2H04M-08c hoe 
yf009_youngfemale-word-käinga-L2H04M-12a käinga 
yf009_youngfemale-word-käinga-L2H04M-12b käinga 
yf009_youngfemale-word-käinga-L2H04M-12c käinga 
yf009_youngfemale-word-käinga-L2H04M-14 käinga 
yf009_youngfemale-word-körero-L2H04M-03 körero 
yf009_youngfemale-word-körero-L2H04M-04 körero 
yf009_youngfemale-word-körero-L2H04M-05 körero 
yf009_youngfemale-word-körero-L2H04M-07 körero 
yf009_youngfemale-word-marae-L2H04M-06a marae 
yf009_youngfemale-word-marae-L2H04M-06b marae 
yf009_youngfemale-word-marae-L2H04M-07a marae 
yf009_youngfemale-word-marae-L2H04M-07b aroha 
yf009_youngfemale-word-marae-L2H04M-08a marae 
yf009_youngfemale-word-marae-L2H04M-08b marae 
yf009_youngfemale-word-marae-L2H04M-08c marae 
yf009_youngfemale-word-marae-L2H04M-10 marae 
yf009_youngfemale-word-marae-L2H04M-13a marae 
yf009_youngfemale-word-marae-L2H04M-13b marae 
yf009_youngfemale-word-marae-L2H04M-13c marae 
yf009_youngfemale-word-marae-L2H04M-13d1 marae 
yf009_youngfemale-word-marae-L2H04M-13d2 marae 
yf009_youngfemale-word-matariki-L2H04M-14 matariki 
yf009_youngfemale-word-mokopuna-L2H04M-03 mokopuna 
yf009_youngfemale-word-mäori-L2H04M-02 mäori 
yf009_youngfemale-word-mäori-L2H04M-03a mäori 
yf009_youngfemale-word-mäori-L2H04M-03b mäori 
yf009_youngfemale-word-mäori-L2H04M-11 mäori 
yf009_youngfemale-word-rima-L2H04M-03 rima 
yf009_youngfemale-word-rima-L2H04M-10 rima 
yf009_youngfemale-word-rima-L2H04M-12a rima 
yf009_youngfemale-word-rima-L2H04M-12b rima 
yf009_youngfemale-word-rima-L2H04M-12c rima 
yf009_youngfemale-word-rua-L2H04M-07a1 rua 
yf009_youngfemale-word-rua-L2H04M-07a2 awa 
yf009_youngfemale-word-rua-L2H04M-07a3 rua 
yf009_youngfemale-word-rua-L2H04M-08a rua 
yf009_youngfemale-word-rua-L2H04M-08b rua 
yf009_youngfemale-word-rua-L2H04M-09 rua 
yf009_youngfemale-word-rua-L2H04M-11 
yf009_youngfemale-word-rua-L2H04M-13 rua 
yf009_youngfemale-word-tahi-L2H04M-04 tahi 
yf009_youngfemale-word-tahi-L2H04M-07a tahi 
yf009_youngfemale-word-tahi-L2H04M-07b tahi 
yf009_youngfemale-word-tangi-L2H04M-15 tangi 
yf009_youngfemale-word-toru-L2H04M-02 toru 
yf009_youngfemale-word-toru-L2H04M-04 whare 
yf009_youngfemale-word-toru-L2H04M-05 toru 
yf009_youngfemale-word-tïmata-L2H04M-14 tïmata 
yf009_youngfemale-word-waewae-L2H04M-06a waewae 
yf009_youngfemale-word-waewae-L2H04M-06b 
yf009_youngfemale-word-waiata-L2H04M-14 waiata 
yf009_youngfemale-word-waka-L2H04M-13 waka 
yf009_youngfemale-word-waru-L2H04M-05 marae 
yf009_youngfemale-word-whare-L2H04M-04 whare 
yf009_youngfemale-word-whare-L2H04M-08 whare 
yf009_youngfemale-word-whitu-L2H04M-05 whitu 
yf009_youngfemale-word-whä-L2H04M-02 whä 
yf009_youngfemale-word-wä-L2H04M-02 wä 
yf009_youngfemale-word-wä-L2H04M-03 wä 
yf009_youngfemale-word-wä-L2H04M-04 wä 
yf009_youngfemale-word-wähi-L2H04M-06 wähi 
yf009_youngfemale-word-wähi-L2H04M-07 wähi 
yf010_youngfemale-word-awa-L2H05M-15a awa 
yf010_youngfemale-word-awa-L2H05M-15b awa 
yf010_youngfemale-word-awa-L2H05M-15c awa 
yf010_youngfemale-word-e_noho-L2H05M-15 e_noho 
yf010_youngfemale-word-haere_mai-L2H05M-06 taringa 
yf010_youngfemale-word-haere_mai-L2H05M-09a haere_mai 
yf010_youngfemale-word-haere_mai-L2H05M-09b haere_mai 
yf010_youngfemale-word-hapü-L2H05M-02 hapü 
yf010_youngfemale-word-hapü-L2H05M-07 hapü 
yf010_youngfemale-word-hapü-L2H05M-13 hapü 
yf010_youngfemale-word-iwi-L2H05M-15 iwi 
yf010_youngfemale-word-karakia-L2H05M-15 karakia 
yf010_youngfemale-word-kaumätua-L2H05M-15 kaumätua 
yf010_youngfemale-word-käinga-L2H05M-02 käinga 
yf010_youngfemale-word-käinga-L2H05M-09 käinga 
yf010_youngfemale-word-käinga-L2H05M-15a käinga 
yf010_youngfemale-word-käinga-L2H05M-15b käinga 
yf010_youngfemale-word-körero-L2H05M-06 körero 
yf010_youngfemale-word-körero-L2H05M-08a körero 
yf010_youngfemale-word-körero-L2H05M-08b körero 
yf010_youngfemale-word-marae-L2H05M-02a marae 
yf010_youngfemale-word-marae-L2H05M-02b marae 
yf010_youngfemale-word-moana-L2H05M-10 moana 
yf010_youngfemale-word-mäori-L2H05M-06 mäori 
yf010_youngfemale-word-mäori-L2H05M-10 mäori 
yf010_youngfemale-word-mäori-L2H05M-12 mäori 
yf010_youngfemale-word-ono-L2H05M-09 ono 
yf010_youngfemale-word-ono-L2H05M-12 ono 
yf010_youngfemale-word-rima-L2H05M-05 rima 
yf010_youngfemale-word-rima-L2H05M-06 rima 
yf010_youngfemale-word-rima-L2H05M-09a rima 
yf010_youngfemale-word-rima-L2H05M-09b rima 
yf010_youngfemale-word-rima-L2H05M-10 rima 
yf010_youngfemale-word-rima-L2H05M-11 rima 
yf010_youngfemale-word-rua-L2H05M-02a1 rua 
yf010_youngfemale-word-rua-L2H05M-02a2 rua 
yf010_youngfemale-word-rua-L2H05M-05 rua 
yf010_youngfemale-word-rua-L2H05M-09 rua 
yf010_youngfemale-word-tangi-L2H05M-16 tangi 
yf010_youngfemale-word-tikanga-L2H05M-05 tikanga 
yf010_youngfemale-word-tikanga-L2H05M-11 tikanga 
yf010_youngfemale-word-tikanga-L2H05M-14a tikanga 
yf010_youngfemale-word-tikanga-L2H05M-14b 
yf010_youngfemale-word-tïmata-L2H05M-05 tïmata 
yf010_youngfemale-word-tïmata-L2H05M-11 tïmata 
yf010_youngfemale-word-tïmata-L2H05M-14 tïmata 
yf010_youngfemale-word-tïmata-L2H05M-15 tïmata 
yf010_youngfemale-word-waiata-L2H05M-15 waiata 
yf010_youngfemale-word-waka-L2H05M-08 waka 
yf010_youngfemale-word-waka-L2H05M-15 waka 
yf010_youngfemale-word-waru-L2H05M-09 whare 
yf010_youngfemale-word-waru-L2H05M-11 whare 
yf010_youngfemale-word-whitu-L2H05M-05 kete 
yf010_youngfemale-word-whitu-L2H05M-09 whitu 
yf010_youngfemale-word-whitu-L2H05M-12 whitu 
yf010_youngfemale-word-whä-L2H05M-06a1 whä 
yf010_youngfemale-word-whä-L2H05M-06a2 whä 
yf010_youngfemale-word-whä-L2H05M-06b whä 
ym001_youngmale-word-aroha-L1Y01M-04 aroha 
ym001_youngmale-word-aroha-L1Y01M-05 aroha 
ym001_youngmale-word-awa-L1Y01M-01 awa 
ym001_youngmale-word-awa-L1Y01M-02 awa 
ym001_youngmale-word-awa-L1Y01M-17a awa 
ym001_youngmale-word-awa-L1Y01M-17b awa 
ym001_youngmale-word-e_noho-L1Y01M-02a1 e_noho 
ym001_youngmale-word-e_noho-L1Y01M-02a2 e_noho 
ym001_youngmale-word-e_noho-L1Y01M-02b e_noho 
ym001_youngmale-word-e_noho-L1Y01M-05 e_noho 
ym001_youngmale-word-e_noho-L1Y01M-17 e_noho 
ym001_youngmale-word-hau-L1Y01M hau 
ym001_youngmale-word-hei-L1Y01M hei 
ym001_youngmale-word-hoe-L1Y01M hoe 
ym001_youngmale-word-hoihoi-L1Y01M hoihoi 
ym001_youngmale-word-hou-L1Y01M ono 
ym001_youngmale-word-hë-L1Y01M hë 
ym001_youngmale-word-hï-L1Y01M kï 
ym001_youngmale-word-iwa-L1Y01M-03 rima 
ym001_youngmale-word-iwa-L1Y01M-04a iwa 
ym001_youngmale-word-iwa-L1Y01M-04b iwa 
ym001_youngmale-word-iwa-L1Y01M-05a 
ym001_youngmale-word-iwa-L1Y01M-05b 
ym001_youngmale-word-iwa-L1Y01M-05c iwa 
ym001_youngmale-word-iwa-L1Y01M-05d1 iwa 
ym001_youngmale-word-iwa-L1Y01M-05d2 iwa 
ym001_youngmale-word-iwa-L1Y01M-05e iwa 
ym001_youngmale-word-iwa-L1Y01M-06a1 iwa 
ym001_youngmale-word-iwa-L1Y01M-06a2 iwa 
ym001_youngmale-word-iwa-L1Y01M-06b iwa 
ym001_youngmale-word-iwa-L1Y01M-08 rua 
ym001_youngmale-word-iwa-L1Y01M-11a rua 
ym001_youngmale-word-iwa-L1Y01M-11b iwa 
ym001_youngmale-word-iwa-L1Y01M-11c iwa 
ym001_youngmale-word-iwa-L1Y01M-11d rua 
ym001_youngmale-word-iwa-L1Y01M-11e iwi 
ym001_youngmale-word-iwa-L1Y01M-11f iwa 
ym001_youngmale-word-iwa-L1Y01M-12 iwa 
ym001_youngmale-word-iwa-L1Y01M-14 rima 
ym001_youngmale-word-iwa-L1Y01M-15 iwa 
ym001_youngmale-word-iwa-L1Y01M-16a iwa 
ym001_youngmale-word-iwa-L1Y01M-16b iwa 
ym001_youngmale-word-iwa-L1Y01M-18a rima 
ym001_youngmale-word-iwa-L1Y01M-18b rima 
ym001_youngmale-word-iwa-L1Y01M-19 iwa 
ym001_youngmale-word-iwi-L1Y01M-02 iwi 
ym001_youngmale-word-iwi-L1Y01M-17 iwi 
ym001_youngmale-word-karakia-L1Y01M-17a.wav karakia 
ym001_youngmale-word-karakia-L1Y01M-17b karakia 
ym001_youngmale-word-karanga-L1Y01M-07 karanga 
ym001_youngmale-word-karanga-L1Y01M-18 karanga 
ym001_youngmale-word-kaumätua-L1Y01M-02a kaumätua 
ym001_youngmale-word-kaumätua-L1Y01M-02b kaumätua 
ym001_youngmale-word-kaumätua-L1Y01M-17 kaumätua 
ym001_youngmale-word-kei-L1Y01M kei 
ym001_youngmale-word-käinga-L1Y01M-17 käinga 
ym001_youngmale-word-kë-L1Y01M kë 
ym001_youngmale-word-kï-L1Y01M kï 
ym001_youngmale-word-körero-L1Y01M-02 körero 
ym001_youngmale-word-körero-L1Y01M-04 körero 
ym001_youngmale-word-körero-L1Y01M-09 körero 
ym001_youngmale-word-körero-L1Y01M-11 körero 
ym001_youngmale-word-mao-L1Y01M mao 
ym001_youngmale-word-marae-L1Y01M-02 marae 
ym001_youngmale-word-marae-L1Y01M-05a1 marae 
ym001_youngmale-word-marae-L1Y01M-05a2 marae 
ym001_youngmale-word-marae-L1Y01M-09 marae 
ym001_youngmale-word-matariki-L1Y01M-17 matariki 
ym001_youngmale-word-matiu-L1Y01M matiu 
ym001_youngmale-word-mau-L1Y01M mau 
ym001_youngmale-word-maunga-L1Y01M-02 maunga 
ym001_youngmale-word-maunga-L1Y01M-08 maunga 
ym001_youngmale-word-mihi-L1Y01M-11 mihi 
ym001_youngmale-word-moutere-L1Y01M moutere 
ym001_youngmale-word-mäori-L1Y01M-13 mäori 
ym001_youngmale-word-mäori-L1Y01M-20a mäori 
ym001_youngmale-word-mäori-L1Y01M-20b mäori 
ym001_youngmale-word-mäori-L1Y01M-20c mäori 
ym001_youngmale-word-mäori-L1Y01M-20d mäori 
ym001_youngmale-word-mätao-L1Y01M mätao 
ym001_youngmale-word-mätau-L1Y01M mätau 
ym001_youngmale-word-mätou-L1Y01M mätou 
ym001_youngmale-word-ono-L1Y01M-02 ono 
ym001_youngmale-word-ono-L1Y01M-11 ono 
ym001_youngmale-word-pae-L1Y01M pae 
ym001_youngmale-word-pai-L1Y01M pae 
ym001_youngmale-word-pao-L1Y01M pao 
ym001_youngmale-word-pau-L1Y01M pau 
ym001_youngmale-word-pou-L1Y01M pö 
ym001_youngmale-word-puku-L1Y01M-07 
ym001_youngmale-word-puku-L1Y01M-08 puku 
ym001_youngmale-word-puku-L1Y01M-10 
ym001_youngmale-word-pö-L1Y01M pö 
ym001_youngmale-word-rima-L1Y01M-05 rima 
ym001_youngmale-word-rima-L1Y01M-10 rima 
ym001_youngmale-word-rima-L1Y01M-11a1 rima 
ym001_youngmale-word-rima-L1Y01M-11a2 rima 
ym001_youngmale-word-rima-L1Y01M-18 rima 
ym001_youngmale-word-rua-L1Y01M-01 rua 
ym001_youngmale-word-rua-L1Y01M-04 rua 
ym001_youngmale-word-rua-L1Y01M-06a rua 
ym001_youngmale-word-rua-L1Y01M-06b1 rua 
ym001_youngmale-word-rua-L1Y01M-06b2 rua 
ym001_youngmale-word-rua-L1Y01M-06b3 rua 
ym001_youngmale-word-rua-L1Y01M-07 rua 
ym001_youngmale-word-rua-L1Y01M-11a rua 
ym001_youngmale-word-rua-L1Y01M-11b1 rua 
ym001_youngmale-word-rua-L1Y01M-11b2 rua 
ym001_youngmale-word-rua-L1Y01M-14 
ym001_youngmale-word-rua-L1Y01M-15 rua 
ym001_youngmale-word-rua-L1Y01M-19 rua 
ym001_youngmale-word-rua-L1Y01M-20 rua 
ym001_youngmale-word-tae-L1Y01M pae 
ym001_youngmale-word-tahi-L1Y01M-07 tahi 
ym001_youngmale-word-tahi-L1Y01M-12 tahi 
ym001_youngmale-word-tai-L1Y01M tahi 
ym001_youngmale-word-tamariki-L1Y01M-17a tamariki 
ym001_youngmale-word-tamariki-L1Y01M-17b tamariki 
ym001_youngmale-word-taringa-L1Y01M-01 karanga 
ym001_youngmale-word-tauhou-L1Y01M-17a tauhou 
ym001_youngmale-word-tauhou-L1Y01M-17b tauhou 
ym001_youngmale-word-tekau-L1Y01M-01a tekau 
ym001_youngmale-word-tekau-L1Y01M-01b tekau 
ym001_youngmale-word-tekau-L1Y01M-03a tekau 
ym001_youngmale-word-tekau-L1Y01M-03b tauhou 
ym001_youngmale-word-tekau-L1Y01M-04a tekau 
ym001_youngmale-word-tekau-L1Y01M-04b tekau 
ym001_youngmale-word-tekau-L1Y01M-04c tekau 
ym001_youngmale-word-tekau-L1Y01M-05a tekau 
ym001_youngmale-word-tekau-L1Y01M-05b tekau 
ym001_youngmale-word-tekau-L1Y01M-05c tekau 
ym001_youngmale-word-tekau-L1Y01M-05d1 tekau 
ym001_youngmale-word-tekau-L1Y01M-05d2 tekau 
ym001_youngmale-word-tikanga-L1Y01M-20 tikanga 
ym001_youngmale-word-toetoe-L1Y01M toetoe 
ym001_youngmale-word-toi-L1Y01M toi 
ym001_youngmale-word-toru-L1Y01M-11a toi 
ym001_youngmale-word-toru-L1Y01M-11b toru 
ym001_youngmale-word-toru-L1Y01M-11c toru 
ym001_youngmale-word-toru-L1Y01M-12a1 toru 
ym001_youngmale-word-toru-L1Y01M-12a2 toru 
ym001_youngmale-word-täne-L1Y01M täne 
ym001_youngmale-word-tënei-L1Y01M tënei kë 
ym001_youngmale-word-tïmata-L1Y01M-03a1 tïmata 
ym001_youngmale-word-tïmata-L1Y01M-03a2 tïmata 
ym001_youngmale-word-tïmata-L1Y01M-04 tïmata 
ym001_youngmale-word-tïmata-L1Y01M-05a tïmata 
ym001_youngmale-word-tïmata-L1Y01M-05b tïmata 
ym001_youngmale-word-tïmata-L1Y01M-09 tïmata 
ym001_youngmale-word-tïmata-L1Y01M-15 tïmata 
ym001_youngmale-word-tïmata-L1Y01M-17 tïmata 
ym001_youngmale-word-tïmata-L1Y01M-19 tïmata 
ym001_youngmale-word-tü-L1Y01M tü 
ym001_youngmale-word-türanga-L1Y01M-19a1 türanga 
ym001_youngmale-word-türanga-L1Y01M-19a2 tikanga 
ym001_youngmale-word-waewae-L1Y01M-05 waewae 
ym001_youngmale-word-waewae-L1Y01M-15 hoihoi 
ym001_youngmale-word-waiata-L1Y01M-05 waiata 
ym001_youngmale-word-waiata-L1Y01M-06 waiata 
ym001_youngmale-word-waiata-L1Y01M-07a waiata 
ym001_youngmale-word-waiata-L1Y01M-07b waiata 
ym001_youngmale-word-waiata-L1Y01M-07c1 waiata 
ym001_youngmale-word-waiata-L1Y01M-07c2 waiata 
ym001_youngmale-word-waiata-L1Y01M-17 waiata 
ym001_youngmale-word-waiata-L1Y01M-18a waiata 
ym001_youngmale-word-waiata-L1Y01M-18b1 waiata 
ym001_youngmale-word-waiata-L1Y01M-18b2 waiata 
ym001_youngmale-word-waiata-L1Y01M-18c waiata 
ym001_youngmale-word-waiata-L1Y01M-20 waiata 
ym001_youngmale-word-waka-L1Y01M-06a waka 
ym001_youngmale-word-waka-L1Y01M-06b waka 
ym001_youngmale-word-waka-L1Y01M-07a waka 
ym001_youngmale-word-waka-L1Y01M-07b waka 
ym001_youngmale-word-waka-L1Y01M-09a1 waka 
ym001_youngmale-word-waka-L1Y01M-09a2 waka 
ym001_youngmale-word-waka-L1Y01M-09b waka 
ym001_youngmale-word-waka-L1Y01M-09c waka 
ym001_youngmale-word-waka-L1Y01M-17 waka 
ym001_youngmale-word-waka-L1Y01M-18a 
ym001_youngmale-word-waka-L1Y01M-18b waka 
ym001_youngmale-word-waru-L1Y01M-05 waru 
ym001_youngmale-word-waru-L1Y01M-19 waru 
ym001_youngmale-word-whare-L1Y01M-01 whare 
ym001_youngmale-word-whare-L1Y01M-06 whare 
ym001_youngmale-word-whare-L1Y01M-07a 
ym001_youngmale-word-whare-L1Y01M-07b whare 
ym001_youngmale-word-whare-L1Y01M-07c whare 
ym001_youngmale-word-whitu-L1Y01M-01 whitu 
ym001_youngmale-word-whitu-L1Y01M-02 whitu 
ym001_youngmale-word-whitu-L1Y01M-05 whitu 
ym001_youngmale-word-whitu-L1Y01M-09 whitu 
ym001_youngmale-word-whitu-L1Y01M-11a whitu 
ym001_youngmale-word-whitu-L1Y01M-11b whitu 
ym001_youngmale-word-whitu-L1Y01M-12 whitu 
ym001_youngmale-word-whitu-L1Y01M-15 whitu 
ym001_youngmale-word-whänau-L1Y01M-17a whänau 
ym001_youngmale-word-whänau-L1Y01M-17b whänau 
ym001_youngmale-word-wä-L1Y01M-03 wä 
ym001_youngmale-word-wä-L1Y01M-08 wä 
ym001_youngmale-word-wä-L1Y01M-09 wähi 
ym001_youngmale-word-wä-L1Y01M-13 wä 
ym001_youngmale-word-wä-L1Y01M-15 wä 
ym001_youngmale-word-wähi-L1Y01M-10a1 wähi 
ym001_youngmale-word-wähi-L1Y01M-10a2 wähi 
ym001_youngmale-word-wähi-L1Y01M-11 wähi 
ym001_youngmale-word-wähi-L1Y01M-17 wähi 
ym002_youngmale-word-aroha-L1Y02M-03a aroha 
ym002_youngmale-word-aroha-L1Y02M-03b aroha 
ym002_youngmale-word-awa-L1Y02M-10a awa 
ym002_youngmale-word-awa-L1Y02M-10b awa 
ym002_youngmale-word-e_noho-L1Y02M-05 e_noho 
ym002_youngmale-word-e_noho-L1Y02M-09a e_noho 
ym002_youngmale-word-e_noho-L1Y02M-09b e_noho 
ym002_youngmale-word-e_noho-L1Y02M-19 rima 
ym002_youngmale-word-e_noho-L1Y02M-20 e_noho 
ym002_youngmale-word-hapü-L1Y02M-01 hapü 
ym002_youngmale-word-hau-L1Y02M hau 
ym002_youngmale-word-hei-L1Y02M hei 
ym002_youngmale-word-hoe-L1Y02M hoe 
ym002_youngmale-word-hoihoi-L1Y02M hoihoi 
ym002_youngmale-word-hou-L1Y02M hou 
ym002_youngmale-word-hë-L1Y02M hei 
ym002_youngmale-word-hï-L1Y02M hï 
ym002_youngmale-word-iwa-L1Y02M-16 rua 
ym002_youngmale-word-iwi-L1Y02M-03a iwi 
ym002_youngmale-word-iwi-L1Y02M-03b iwi 
ym002_youngmale-word-iwi-L1Y02M-04a iwi 
ym002_youngmale-word-iwi-L1Y02M-04b 
ym002_youngmale-word-iwi-L1Y02M-09a iwi 
ym002_youngmale-word-iwi-L1Y02M-09b iwi 
ym002_youngmale-word-iwi-L1Y02M-10 iwi 
ym002_youngmale-word-iwi-L1Y02M-11 iwi 
ym002_youngmale-word-iwi-L1Y02M-16a 
ym002_youngmale-word-iwi-L1Y02M-16b 
ym002_youngmale-word-iwi-L1Y02M-21 iwi 
ym002_youngmale-word-ka_pai-L1Y02M-13 ka_pai 
ym002_youngmale-word-karakia-L1Y02M-10a karakia 
ym002_youngmale-word-karakia-L1Y02M-10b karakia 
ym002_youngmale-word-kei-L1Y02M kei 
ym002_youngmale-word-kia_ora-L1Y02M-01 kia_ora 
ym002_youngmale-word-kë-L1Y02M kei 
ym002_youngmale-word-kï-L1Y02M kï 
ym002_youngmale-word-körero-L1Y02M-06 körero 
ym002_youngmale-word-mao-L1Y02M mao 
ym002_youngmale-word-marae-L1Y02M-01 marae 
ym002_youngmale-word-marae-L1Y02M-19a maunga 
ym002_youngmale-word-marae-L1Y02M-19b marae 
ym002_youngmale-word-marae-L1Y02M-19c rima 
ym002_youngmale-word-marae-L1Y02M-19d aroha 
ym002_youngmale-word-marae-L1Y02M-20a marae 
ym002_youngmale-word-marae-L1Y02M-20b maunga 
ym002_youngmale-word-marae-L1Y02M-20c marae 
ym002_youngmale-word-marae-L1Y02M-20d marae 
ym002_youngmale-word-matiu-L1Y02M matiu 
ym002_youngmale-word-mau-L1Y02M mau 
ym002_youngmale-word-mihi-L1Y02M-13 
ym002_youngmale-word-mokopuna-L1Y02M-09 ka_pai 
ym002_youngmale-word-moutere-L1Y02M moutere 
ym002_youngmale-word-mäori-L1Y02M-01 mäori 
ym002_youngmale-word-mäori-L1Y02M-05a1 mäori 
ym002_youngmale-word-mäori-L1Y02M-05a2 mäori 
ym002_youngmale-word-mäori-L1Y02M-05b karanga 
ym002_youngmale-word-mäori-L1Y02M-14 mao 
ym002_youngmale-word-mäori-L1Y02M-20 awa 
ym002_youngmale-word-mätao-L1Y02M mätao 
ym002_youngmale-word-mätau-L1Y02M mätau 
ym002_youngmale-word-mätou-L1Y02M mätau 
ym002_youngmale-word-ono-L1Y02M-09a 
ym002_youngmale-word-ono-L1Y02M-09b ono 
ym002_youngmale-word-ono-L1Y02M-09c ono 
ym002_youngmale-word-ono-L1Y02M-13 ono 
ym002_youngmale-word-pae-L1Y02M pai 
ym002_youngmale-word-pai-L1Y02M pai 
ym002_youngmale-word-pao-L1Y02M pao 
ym002_youngmale-word-pau-L1Y02M pau 
ym002_youngmale-word-pou-L1Y02M ono 
ym002_youngmale-word-pö-L1Y02M pö 
ym002_youngmale-word-rima-L1Y02M-16 
ym002_youngmale-word-rua-L1Y02M-01 rua 
ym002_youngmale-word-rua-L1Y02M-02 rua 
ym002_youngmale-word-rua-L1Y02M-09a1 rua 
ym002_youngmale-word-rua-L1Y02M-09a2 rua 
ym002_youngmale-word-rua-L1Y02M-20 rua 
ym002_youngmale-word-tae-L1Y02M tae 
ym002_youngmale-word-tahi-L1Y02M-01a tangi 
ym002_youngmale-word-tahi-L1Y02M-01b tahi 
ym002_youngmale-word-tahi-L1Y02M-09a1 tahi 
ym002_youngmale-word-tahi-L1Y02M-09a2 tahi 
ym002_youngmale-word-tahi-L1Y02M-17 tahi 
ym002_youngmale-word-tahi-L1Y02M-18 tahi 
ym002_youngmale-word-tahi-L1Y02M-20 tahi 
ym002_youngmale-word-tai-L1Y02M tai 
ym002_youngmale-word-tamariki-L1Y02M-03 tamariki 
ym002_youngmale-word-tamariki-L1Y02M-10 tamariki 
ym002_youngmale-word-tangi-L1Y02M-20 tangi 
ym002_youngmale-word-tauhou-L1Y02M-09 tauhou 
ym002_youngmale-word-tekau-L1Y02M-01a tekau 
ym002_youngmale-word-tekau-L1Y02M-01b tekau 
ym002_youngmale-word-tekau-L1Y02M-02a1 tekau 
ym002_youngmale-word-tekau-L1Y02M-02a2 
ym002_youngmale-word-tekau-L1Y02M-13 tekau 
ym002_youngmale-word-tekau-L1Y02M-16 tekau 
ym002_youngmale-word-tekau-L1Y02M-17 tekau 
ym002_youngmale-word-tikanga-L1Y02M-06a tikanga 
ym002_youngmale-word-tikanga-L1Y02M-06b tikanga 
ym002_youngmale-word-tikanga-L1Y02M-06c tikanga 
ym002_youngmale-word-tikanga-L1Y02M-06d tikanga 
ym002_youngmale-word-tikanga-L1Y02M-06e1 tikanga 
ym002_youngmale-word-tikanga-L1Y02M-06e2 tikanga 
ym002_youngmale-word-tikanga-L1Y02M-06e3 tikanga 
ym002_youngmale-word-tikanga-L1Y02M-19a tikanga 
ym002_youngmale-word-tikanga-L1Y02M-19b tikanga 
ym002_youngmale-word-tikanga-L1Y02M-20 tikanga 
ym002_youngmale-word-toetoe-L1Y02M toetoe 
ym002_youngmale-word-toru-L1Y02M-09 toru 
ym002_youngmale-word-toru-L1Y02M-15 toru 
ym002_youngmale-word-täne-L1Y02M täne 
ym002_youngmale-word-tënei-L1Y02M tënei 
ym002_youngmale-word-tënä_koe-L1Y02M-01 tënä_koe 
ym002_youngmale-word-tïmata-L1Y02M-09 tïmata 
ym002_youngmale-word-tü-L1Y02M tü 
ym002_youngmale-word-waiata-L1Y02M-08 körero 
ym002_youngmale-word-waiata-L1Y02M-09 waiata 
ym002_youngmale-word-wairua-L1Y02M-05a wairua 
ym002_youngmale-word-wairua-L1Y02M-05b hoihoi 
ym002_youngmale-word-wairua-L1Y02M-16 wairua 
ym002_youngmale-word-waka-L1Y02M-01 waka 
ym002_youngmale-word-waka-L1Y02M-04 waka 
ym002_youngmale-word-whare-L1Y02M-10 whare 
ym002_youngmale-word-whare-L1Y02M-12a whare 
ym002_youngmale-word-whare-L1Y02M-12b whare 
ym002_youngmale-word-whä-L1Y02M-06 whä 
ym002_youngmale-word-whänau-L1Y02M-02a whänau 
ym002_youngmale-word-whänau-L1Y02M-02b karanga 
ym002_youngmale-word-wähi-L1Y02M-02 wähi 
ym002_youngmale-word-wähi-L1Y02M-11 
ym002_youngmale-word-wähi-L1Y02M-15 wähi 
ym002_youngmale-word-wähi-L1Y02M-16 wähi 
ym002_youngmale-word-wähi-L1Y02M-20 wähi 
ym003_youngmale-word-aroha-L1Y03M-02 aroha 
ym003_youngmale-word-aroha-L1Y03M-03 aroha 
ym003_youngmale-word-awa-L1Y03M-04a awa 
ym003_youngmale-word-awa-L1Y03M-04b awa 
ym003_youngmale-word-awa-L1Y03M-05 awa 
ym003_youngmale-word-e_noho-L1Y03M-04 e_noho 
ym003_youngmale-word-e_noho-L1Y03M-06 e_noho 
ym003_youngmale-word-haere_mai-L1Y03M-02a haere_mai 
ym003_youngmale-word-haere_mai-L1Y03M-02b haere_mai 
ym003_youngmale-word-haere_mai-L1Y03M-05 haere_mai 
ym003_youngmale-word-haere_mai-L1Y03M-06a haere_mai 
ym003_youngmale-word-haere_mai-L1Y03M-06b haere_mai 
ym003_youngmale-word-hapü-L1Y03M-03 hapü 
ym003_youngmale-word-hau-L1Y03M hau 
ym003_youngmale-word-hei-L1Y03M hei 
ym003_youngmale-word-hoe-L1Y03M hoe 
ym003_youngmale-word-hoihoi-L1Y03M hoihoi 
ym003_youngmale-word-hou-L1Y03M pö 
ym003_youngmale-word-hë-L1Y03M hei 
ym003_youngmale-word-hï-L1Y03M kei 
ym003_youngmale-word-iwa-L1Y03M-01 iwa 
ym003_youngmale-word-karakia-L1Y03M-04 karakia 
ym003_youngmale-word-karakia-L1Y03M-05 karakia 
ym003_youngmale-word-kaumätua-L1Y03M-02 kaumätua 
ym003_youngmale-word-kaumätua-L1Y03M-05 kaumätua 
ym003_youngmale-word-kei-L1Y03M kei 
ym003_youngmale-word-kete-L1Y03M-07 
ym003_youngmale-word-kuia-L1Y03M-01a kuia 
ym003_youngmale-word-kuia-L1Y03M-01b kuia 
ym003_youngmale-word-kuia-L1Y03M-01c kuia 
ym003_youngmale-word-kuia-L1Y03M-01d kuia 
ym003_youngmale-word-kuia-L1Y03M-02 kuia 
ym003_youngmale-word-kë-L1Y03M kei 
ym003_youngmale-word-kï-L1Y03M kï 
ym003_youngmale-word-körero-L1Y03M-08 körero 
ym003_youngmale-word-mao-L1Y03M mao 
ym003_youngmale-word-matariki-L1Y03M-04 matariki 
ym003_youngmale-word-matiu-L1Y03M matiu 
ym003_youngmale-word-mau-L1Y03M mau 
ym003_youngmale-word-moana-L1Y03M-05 moana 
ym003_youngmale-word-moutere-L1Y03M moutere 
ym003_youngmale-word-mätao-L1Y03M mätao 
ym003_youngmale-word-mätau-L1Y03M mätau 
ym003_youngmale-word-mätou-L1Y03M mätou 
ym003_youngmale-word-ono-L1Y03M-01 ono 
ym003_youngmale-word-ono-L1Y03M-08a ono 
ym003_youngmale-word-ono-L1Y03M-08b mao 
ym003_youngmale-word-pae-L1Y03M pai 
ym003_youngmale-word-pai-L1Y03M pai 
ym003_youngmale-word-pao-L1Y03M pao 
ym003_youngmale-word-pau-L1Y03M pau 
ym003_youngmale-word-pou-L1Y03M pou 
ym003_youngmale-word-pö-L1Y03M pö 
ym003_youngmale-word-rima-L1Y03M-03 rima 
ym003_youngmale-word-rima-L1Y03M-04 rima 
ym003_youngmale-word-rima-L1Y03M-05 rima 
ym003_youngmale-word-rima-L1Y03M-09 rima 
ym003_youngmale-word-tae-L1Y03M pai 
ym003_youngmale-word-tai-L1Y03M tai 
ym003_youngmale-word-tamariki-L1Y03M-04 tamariki 
ym003_youngmale-word-tamariki-L1Y03M-05 tamariki 
ym003_youngmale-word-tamariki-L1Y03M-08 tamariki 
ym003_youngmale-word-tangi-L1Y03M-01 tangi 
ym003_youngmale-word-tauhou-L1Y03M-04 tauhou 
ym003_youngmale-word-tekau-L1Y03M-01a tekau 
ym003_youngmale-word-tekau-L1Y03M-01b tekau 
ym003_youngmale-word-toetoe-L1Y03M toetoe 
ym003_youngmale-word-toi-L1Y03M toi 
ym003_youngmale-word-toru-L1Y03M-08 toru 
ym003_youngmale-word-toru-L1Y03M-09 toru 
ym003_youngmale-word-täne-L1Y03M täne 
ym003_youngmale-word-tënei-L1Y03M tënei 
ym003_youngmale-word-tïmata-L1Y03M-04a tïmata 
ym003_youngmale-word-tïmata-L1Y03M-04b tïmata 
ym003_youngmale-word-tü-L1Y03M tü 
ym003_youngmale-word-waiata-L1Y03M-07a waiata 
ym003_youngmale-word-waiata-L1Y03M-07b waiata 
ym003_youngmale-word-waka-L1Y03M-04 waka 
ym003_youngmale-word-whare-L1Y03M-01 whare 
ym003_youngmale-word-whare-L1Y03M-02a whare 
ym003_youngmale-word-whare-L1Y03M-02b whare 
ym003_youngmale-word-whare-L1Y03M-04 whare 
ym003_youngmale-word-whare-L1Y03M-06 whare 
ym003_youngmale-word-whitu-L1Y03M-09 whitu 
ym003_youngmale-word-whitu-L1Y03M-13 kete 
ym003_youngmale-word-whä-L1Y03M-01 whä 
ym003_youngmale-word-whänau-L1Y03M-04 whänau 
ym003_youngmale-word-wähi-L1Y03M-04 wähi 
ym004_youngmale-word-aroha-L1Y04M-03 awa 
ym004_youngmale-word-aroha-L1Y04M-04a ono 
ym004_youngmale-word-aroha-L1Y04M-04b e_noho 
ym004_youngmale-word-aroha-L1Y04M-10 aroha 
ym004_youngmale-word-awa-L1Y04M-02a awa 
ym004_youngmale-word-awa-L1Y04M-02b awa 
ym004_youngmale-word-awa-L1Y04M-10 awa 
ym004_youngmale-word-e_noho-L1Y04M-02 karanga 
ym004_youngmale-word-iwa-L1Y04M-11 rua 
ym004_youngmale-word-iwi-L1Y04M-04a iwi 
ym004_youngmale-word-iwi-L1Y04M-04b1 iwi 
ym004_youngmale-word-iwi-L1Y04M-04b2 iwi 
ym004_youngmale-word-iwi-L1Y04M-06a iwi 
ym004_youngmale-word-iwi-L1Y04M-06b iwi 
ym004_youngmale-word-iwi-L1Y04M-08 iwi 
ym004_youngmale-word-iwi-L1Y04M-10a iwi 
ym004_youngmale-word-iwi-L1Y04M-10b1 iwi 
ym004_youngmale-word-iwi-L1Y04M-10b2 iwi 
ym004_youngmale-word-karakia-L1Y04M-02a karakia 
ym004_youngmale-word-karakia-L1Y04M-02b karakia 
ym004_youngmale-word-kaumätua-L1Y04M-03 kaumätua 
ym004_youngmale-word-körero-L1Y04M-03 körero 
ym004_youngmale-word-körero-L1Y04M-13a körero 
ym004_youngmale-word-körero-L1Y04M-13b körero 
ym004_youngmale-word-marae-L1Y04M-07 marae 
ym004_youngmale-word-matariki-L1Y04M-02 matariki 
ym004_youngmale-word-maunga-L1Y04M-06a maunga 
ym004_youngmale-word-maunga-L1Y04M-06b maunga 
ym004_youngmale-word-moana-L1Y04M-13 moana 
ym004_youngmale-word-mäori-L1Y04M-03a mäori 
ym004_youngmale-word-mäori-L1Y04M-03b mäori 
ym004_youngmale-word-mäori-L1Y04M-03c mäori 
ym004_youngmale-word-mäori-L1Y04M-03d mäori 
ym004_youngmale-word-mäori-L1Y04M-04a mäori 
ym004_youngmale-word-mäori-L1Y04M-04b mäori 
ym004_youngmale-word-mäori-L1Y04M-04c mäori 
ym004_youngmale-word-ono-L1Y04M-11 ono 
ym004_youngmale-word-rima-L1Y04M-03 rima 
ym004_youngmale-word-rima-L1Y04M-08a rima 
ym004_youngmale-word-rima-L1Y04M-08b rima 
ym004_youngmale-word-rua-L1Y04M-05 rua 
ym004_youngmale-word-rua-L1Y04M-06 rua 
ym004_youngmale-word-tahi-L1Y04M-08 tahi 
ym004_youngmale-word-tamariki-L1Y04M-02 tamariki 
ym004_youngmale-word-tamariki-L1Y04M-03 tamariki 
ym004_youngmale-word-tamariki-L1Y04M-04 tamariki 
ym004_youngmale-word-tamariki-L1Y04M-08 tamariki 
ym004_youngmale-word-tauhou-L1Y04M-02 tauhou 
ym004_youngmale-word-tekau-L1Y04M-11 tekau 
ym004_youngmale-word-tekau-L1Y04M-12 tekau 
ym004_youngmale-word-tikanga-L1Y04M-07a tikanga 
ym004_youngmale-word-tikanga-L1Y04M-07b tikanga 
ym004_youngmale-word-tikanga-L1Y04M-07c tikanga 
ym004_youngmale-word-tikanga-L1Y04M-07d tikanga 
ym004_youngmale-word-tikanga-L1Y04M-09a tikanga 
ym004_youngmale-word-tikanga-L1Y04M-09b tikanga 
ym004_youngmale-word-tikanga-L1Y04M-10a tikanga 
ym004_youngmale-word-tikanga-L1Y04M-10b tikanga 
ym004_youngmale-word-tikanga-L1Y04M-12 tikanga 
ym004_youngmale-word-tikanga-L1Y04M-13 tikanga 
ym004_youngmale-word-toru-L1Y04M-08 toru 
ym004_youngmale-word-toru-L1Y04M-11 toru 
ym004_youngmale-word-tïmata-L1Y04M-02 tïmata 
ym004_youngmale-word-tïmata-L1Y04M-12 tü 
ym004_youngmale-word-waiata-L1Y04M-03a waiata 
ym004_youngmale-word-waiata-L1Y04M-03b waiata 
ym004_youngmale-word-waiata-L1Y04M-03c waiata 
ym004_youngmale-word-waiata-L1Y04M-03d waiata 
ym004_youngmale-word-wairua-L1Y04M-06 wairua 
ym004_youngmale-word-waka-L1Y04M-02 waka 
ym004_youngmale-word-waka-L1Y04M-03 waka 
ym004_youngmale-word-waka-L1Y04M-05a waka 
ym004_youngmale-word-waka-L1Y04M-05b waka 
ym004_youngmale-word-whare-L1Y04M-02a whare 
ym004_youngmale-word-whare-L1Y04M-02b whare 
ym004_youngmale-word-whare-L1Y04M-07a whare 
ym004_youngmale-word-whare-L1Y04M-07b whare 
ym004_youngmale-word-whare-L1Y04M-08 whare 
ym004_youngmale-word-whänau-L1Y04M-02a whänau 
ym004_youngmale-word-whänau-L1Y04M-02b1 whänau 
ym004_youngmale-word-whänau-L1Y04M-02b2 whänau 
ym004_youngmale-word-whänau-L1Y04M-02c whänau 
ym004_youngmale-word-whänau-L1Y04M-03 whänau 
ym004_youngmale-word-whänau-L1Y04M-05 whänau 
ym004_youngmale-word-whänau-L1Y04M-07 whänau 
ym004_youngmale-word-whänau-L1Y04M-09 whänau 
ym004_youngmale-word-wä-L1Y04M-03a wä 
ym004_youngmale-word-wä-L1Y04M-03b wä 
ym004_youngmale-word-wä-L1Y04M-09 wä 
ym004_youngmale-word-wä-L1Y04M-11 wä 
ym004_youngmale-word-wä-L1Y04M-12a wä 
ym004_youngmale-word-wä-L1Y04M-12b wä 
ym004_youngmale-word-wähi-L1Y04M-02 wähi 
ym004_youngmale-word-wähi-L1Y04M-03 wähi 
ym004_youngmale-word-wähi-L1Y04M-04a wähi 
ym004_youngmale-word-wähi-L1Y04M-04b wähi 
ym004_youngmale-word-wähi-L1Y04M-05 wähi 
ym004_youngmale-word-wähi-L1Y04M-06a wähi 
ym004_youngmale-word-wähi-L1Y04M-06b wähi 
ym004_youngmale-word-wähi-L1Y04M-06c wähi 
ym004_youngmale-word-wähi-L1Y04M-06d wähi 
ym004_youngmale-word-wähi-L1Y04M-07a wähi 
ym004_youngmale-word-wähi-L1Y04M-07b wähi 
ym004_youngmale-word-wähi-L1Y04M-08a wähi 
ym004_youngmale-word-wähi-L1Y04M-08b wähi 
ym004_youngmale-word-wähi-L1Y04M-08c wähi 
ym004_youngmale-word-wähi-L1Y04M-10a wähi 
ym004_youngmale-word-wähi-L1Y04M-10b wähi 
ym004_youngmale-word-wähi-L1Y04M-10c wähi 
ym004_youngmale-word-wähi-L1Y04M-10d wähi 
ym005_youngmale-word-aroha-L1Y05M-11 aroha 
ym005_youngmale-word-awa-L1Y05M-10a awa 
ym005_youngmale-word-awa-L1Y05M-10b awa 
ym005_youngmale-word-awa-L1Y05M-10c awa 
ym005_youngmale-word-e_noho-L1Y05M-03a e_noho 
ym005_youngmale-word-e_noho-L1Y05M-03b e_noho 
ym005_youngmale-word-e_noho-L1Y05M-06a e_noho 
ym005_youngmale-word-e_noho-L1Y05M-06b e_noho 
ym005_youngmale-word-e_noho-L1Y05M-08a e_noho 
ym005_youngmale-word-e_noho-L1Y05M-08b e_noho 
ym005_youngmale-word-e_noho-L1Y05M-09a e_noho 
ym005_youngmale-word-e_noho-L1Y05M-09b e_noho 
ym005_youngmale-word-e_noho-L1Y05M-09c e_noho 
ym005_youngmale-word-haere_mai-L1Y05M-02 haere_mai 
ym005_youngmale-word-haere_mai-L1Y05M-06 haere_mai 
ym005_youngmale-word-haere_mai-L1Y05M-07a haere_mai 
ym005_youngmale-word-haere_mai-L1Y05M-07b haere_mai 
ym005_youngmale-word-hau-L1Y05M hau 
ym005_youngmale-word-hei-L1Y05M hei 
ym005_youngmale-word-hoe-L1Y05M hoe 
ym005_youngmale-word-hoihoi-L1Y05M hoihoi 
ym005_youngmale-word-hou-L1Y05M hou 
ym005_youngmale-word-hë-L1Y05M hë iwi 
ym005_youngmale-word-hï-L1Y05M mihi 
ym005_youngmale-word-iwa-L1Y05M-02a iwa 
ym005_youngmale-word-iwa-L1Y05M-02b iwa 
ym005_youngmale-word-iwa-L1Y05M-03a iwa 
ym005_youngmale-word-iwa-L1Y05M-03b1 iwa 
ym005_youngmale-word-iwa-L1Y05M-03b2 iwa 
ym005_youngmale-word-iwa-L1Y05M-07 iwa 
ym005_youngmale-word-karakia-L1Y05M-09 karakia 
ym005_youngmale-word-kei-L1Y05M kei 
ym005_youngmale-word-kia_ora-L1Y05M-01 kia_ora 
ym005_youngmale-word-kuia-L1Y05M-01 kuia 
ym005_youngmale-word-kuia-L1Y05M-02 kuia 
ym005_youngmale-word-kuia-L1Y05M-07a kuia 
ym005_youngmale-word-kuia-L1Y05M-07b kuia 
ym005_youngmale-word-kuia-L1Y05M-07c kuia 
ym005_youngmale-word-kuia-L1Y05M-08a kuia 
ym005_youngmale-word-kuia-L1Y05M-08b kuia 
ym005_youngmale-word-käinga-L1Y05M-11a karanga 
ym005_youngmale-word-käinga-L1Y05M-11b whänau 
ym005_youngmale-word-kë-L1Y05M kë iwi 
ym005_youngmale-word-kï-L1Y05M kï 
ym005_youngmale-word-körero-L1Y05M-01 körero 
ym005_youngmale-word-körero-L1Y05M-03 körero 
ym005_youngmale-word-körero-L1Y05M-04 körero 
ym005_youngmale-word-körero-L1Y05M-08 körero 
ym005_youngmale-word-mao-L1Y05M mao 
ym005_youngmale-word-marae-L1Y05M-04 marae 
ym005_youngmale-word-matariki-L1Y05M-09 matariki 
ym005_youngmale-word-matiu-L1Y05M matiu 
ym005_youngmale-word-mau-L1Y05M mau 
ym005_youngmale-word-maunga-L1Y05M-11 maunga 
ym005_youngmale-word-mihi-L1Y05M-02a mihi 
ym005_youngmale-word-mihi-L1Y05M-02b mihi 
ym005_youngmale-word-mihi-L1Y05M-05a mihi 
ym005_youngmale-word-mihi-L1Y05M-05b iwi 
ym005_youngmale-word-moana-L1Y05M-01 moana 
ym005_youngmale-word-mokopuna-L1Y05M-07a mokopuna 
ym005_youngmale-word-mokopuna-L1Y05M-07b mokopuna 
ym005_youngmale-word-mokopuna-L1Y05M-07c mokopuna 
ym005_youngmale-word-mokopuna-L1Y05M-07d mokopuna 
ym005_youngmale-word-mokopuna-L1Y05M-07e mokopuna 
ym005_youngmale-word-mokopuna-L1Y05M-08a mokopuna 
ym005_youngmale-word-mokopuna-L1Y05M-08b mokopuna 
ym005_youngmale-word-moutere-L1Y05M moutere 
ym005_youngmale-word-mäori-L1Y05M-01a mäori 
ym005_youngmale-word-mäori-L1Y05M-01b mäori 
ym005_youngmale-word-mäori-L1Y05M-01d mäori 
ym005_youngmale-word-mäori-L1Y05M-02 mäori 
ym005_youngmale-word-mäori-L1Y05M-03 mäori 
ym005_youngmale-word-mäori-L1Y05M-05a mäori 
ym005_youngmale-word-mäori-L1Y05M-05b mäori 
ym005_youngmale-word-mätao-L1Y05M mätao 
ym005_youngmale-word-mätau-L1Y05M mätau 
ym005_youngmale-word-mätou-L1Y05M mätou 
ym005_youngmale-word-ono-L1Y05M-02 ono 
ym005_youngmale-word-ono-L1Y05M-07 ono 
ym005_youngmale-word-pae-L1Y05M pai 
ym005_youngmale-word-pai-L1Y05M pai 
ym005_youngmale-word-pao-L1Y05M pao 
ym005_youngmale-word-pau-L1Y05M pau 
ym005_youngmale-word-pou-L1Y05M pou 
ym005_youngmale-word-puku-L1Y05M-09 
ym005_youngmale-word-pö-L1Y05M pou 
ym005_youngmale-word-rima-L1Y05M-02 rima 
ym005_youngmale-word-rima-L1Y05M-07a rima 
ym005_youngmale-word-rima-L1Y05M-07b rima 
ym005_youngmale-word-rima-L1Y05M-09 rima 
ym005_youngmale-word-rua-L1Y05M-04 rua 
ym005_youngmale-word-rua-L1Y05M-05a1 rua 
ym005_youngmale-word-rua-L1Y05M-05a2 rua 
ym005_youngmale-word-rua-L1Y05M-07a1 rua 
ym005_youngmale-word-rua-L1Y05M-07a2 rua 
ym005_youngmale-word-rua-L1Y05M-08a rua 
ym005_youngmale-word-rua-L1Y05M-08b rua 
ym005_youngmale-word-rua-L1Y05M-08c1 rua 
ym005_youngmale-word-rua-L1Y05M-08c2 rua 
ym005_youngmale-word-rua-L1Y05M-08d rua 
ym005_youngmale-word-rua-L1Y05M-09 iwa 
ym005_youngmale-word-rua-L1Y05M-11 rua 
ym005_youngmale-word-tae-L1Y05M pae 
ym005_youngmale-word-tahi-L1Y05M-02 tahi 
ym005_youngmale-word-tahi-L1Y05M-03 tahi 
ym005_youngmale-word-tahi-L1Y05M-08 tangi 
ym005_youngmale-word-tai-L1Y05M pai 
ym005_youngmale-word-tamariki-L1Y05M-01 tamariki 
ym005_youngmale-word-tamariki-L1Y05M-07 tamariki 
ym005_youngmale-word-tamariki-L1Y05M-09a1 tamariki 
ym005_youngmale-word-tamariki-L1Y05M-09a2 tamariki 
ym005_youngmale-word-tamariki-L1Y05M-09b tamariki 
ym005_youngmale-word-tamariki-L1Y05M-10a tamariki 
ym005_youngmale-word-tamariki-L1Y05M-10b tamariki 
ym005_youngmale-word-tauhou-L1Y05M-09 tauhou 
ym005_youngmale-word-tekau-L1Y05M-02a tekau 
ym005_youngmale-word-tekau-L1Y05M-02b tekau 
ym005_youngmale-word-tekau-L1Y05M-03a tekau 
ym005_youngmale-word-tekau-L1Y05M-03b tekau 
ym005_youngmale-word-tekau-L1Y05M-03c tekau 
ym005_youngmale-word-tekau-L1Y05M-03d tekau 
ym005_youngmale-word-tekau-L1Y05M-06 tekau 
ym005_youngmale-word-tekau-L1Y05M-07 tekau 
ym005_youngmale-word-tikanga-L1Y05M-01 tikanga 
ym005_youngmale-word-tikanga-L1Y05M-02 tikanga 
ym005_youngmale-word-tikanga-L1Y05M-11a1 tikanga 
ym005_youngmale-word-tikanga-L1Y05M-11a2 tikanga 
ym005_youngmale-word-toetoe-L1Y05M pö waiata 
ym005_youngmale-word-toi-L1Y05M toi 
ym005_youngmale-word-toru-L1Y05M-03 toru 
ym005_youngmale-word-toru-L1Y05M-06 toru 
ym005_youngmale-word-toru-L1Y05M-09 körero 
ym005_youngmale-word-täne-L1Y05M täne 
ym005_youngmale-word-tënei-L1Y05M tënei 
ym005_youngmale-word-tënä_koe-L1Y05M-08 tënä_koe 
ym005_youngmale-word-tïmata-L1Y05M-09a tïmata 
ym005_youngmale-word-tïmata-L1Y05M-09b tïmata 
ym005_youngmale-word-tïmata-L1Y05M-09c tïmata 
ym005_youngmale-word-tü-L1Y05M tü 
ym005_youngmale-word-waewae-L1Y05M-09 waewae 
ym005_youngmale-word-waiata-L1Y05M-04 waiata 
ym005_youngmale-word-waiata-L1Y05M-09 waiata 
ym005_youngmale-word-waiata-L1Y05M-11a waiata 
ym005_youngmale-word-waiata-L1Y05M-11b waiata 
ym005_youngmale-word-waiata-L1Y05M-11c waiata 
ym005_youngmale-word-waiata-L1Y05M-11d waiata 
ym005_youngmale-word-waiata-L1Y05M-11e waiata 
ym005_youngmale-word-waiata-L1Y05M-12a waiata 
ym005_youngmale-word-waiata-L1Y05M-12b1 waiata 
ym005_youngmale-word-waiata-L1Y05M-12b2 waiata 
ym005_youngmale-word-waka-L1Y05M-03 waka 
ym005_youngmale-word-waka-L1Y05M-06 waka 
ym005_youngmale-word-waka-L1Y05M-07 waka 
ym005_youngmale-word-waka-L1Y05M-11 waka 
ym005_youngmale-word-waru-L1Y05M-09 waru 
ym005_youngmale-word-waru-L1Y05M-10 waru 
ym005_youngmale-word-waru-L1Y05M-11 waru 
ym005_youngmale-word-whare-L1Y05M-02 whare 
ym005_youngmale-word-whare-L1Y05M-04 whare 
ym005_youngmale-word-whä-L1Y05M-04 whä 
ym005_youngmale-word-whä-L1Y05M-06 pao 
ym005_youngmale-word-whä-L1Y05M-08 whä 
ym005_youngmale-word-whänau-L1Y05M-06 whänau 
ym005_youngmale-word-whänau-L1Y05M-10a1 whänau 
ym005_youngmale-word-whänau-L1Y05M-10a2 whänau 
ym005_youngmale-word-whänau-L1Y05M-10b whänau 
ym005_youngmale-word-wä-L1Y05M-02 wä 
ym005_youngmale-word-wä-L1Y05M-04 wä 
ym005_youngmale-word-wä-L1Y05M-06 wä 
ym005_youngmale-word-wä-L1Y05M-08a1 wä 
ym005_youngmale-word-wä-L1Y05M-08a2 wä 
ym005_youngmale-word-wä-L1Y05M-09 wä 
ym005_youngmale-word-wähi-L1Y05M-01 wähi 
ym005_youngmale-word-wähi-L1Y05M-02 wähi 
ym006_youngmale-word-iwa-L2Y01M-05 iwa 
ym006_youngmale-word-ka_pai-L2Y01M-03 ka_pai 
ym006_youngmale-word-kia_ora-L2Y01M-09 kia_ora 
ym006_youngmale-word-marae-L2Y01M-01 marae 
ym006_youngmale-word-marae-L2Y01M-02a maunga 
ym006_youngmale-word-marae-L2Y01M-02b maunga 
ym006_youngmale-word-puku-L2Y01M-05 
ym006_youngmale-word-rima-L2Y01M-03 rima 
ym006_youngmale-word-rima-L2Y01M-05 rima 
ym006_youngmale-word-tënä_koe-L2Y01M-01 rima pai 
ym006_youngmale-word-whä-L2Y01M-06a whä 
ym006_youngmale-word-whä-L2Y01M-06b whä 
ym007_youngmale-word-e_noho-L2Y02M-05a rua e_noho 
ym007_youngmale-word-e_noho-L2Y02M-05b e_noho 
ym007_youngmale-word-e_noho-L2Y02M-05c e_noho 
ym007_youngmale-word-iwa-L2Y02M-01a iwa 
ym007_youngmale-word-iwa-L2Y02M-01b rima 
ym007_youngmale-word-iwi-L2Y02M-07 iwi 
ym007_youngmale-word-kaumätua-L2Y02M-03 kaumätua 
ym007_youngmale-word-kete-L2Y02M-05 whitu 
ym007_youngmale-word-kuia-L2Y02M-02 kuia 
ym007_youngmale-word-kuia-L2Y02M-03 kuia 
ym007_youngmale-word-kuia-L2Y02M-05 kuia 
ym007_youngmale-word-käinga-L2Y02M-02a karanga 
ym007_youngmale-word-käinga-L2Y02M-02b käinga 
ym007_youngmale-word-käinga-L2Y02M-02c1 käinga 
ym007_youngmale-word-käinga-L2Y02M-02c2 käinga 
ym007_youngmale-word-körero-L2Y02M-02 körero 
ym007_youngmale-word-körero-L2Y02M-03 körero 
ym007_youngmale-word-körero-L2Y02M-04 körero 
ym007_youngmale-word-körero-L2Y02M-05 körero 
ym007_youngmale-word-mäori-L2Y02M-01 mäori 
ym007_youngmale-word-mäori-L2Y02M-02a mäori 
ym007_youngmale-word-mäori-L2Y02M-02b mäori 
ym007_youngmale-word-mäori-L2Y02M-02c mäori 
ym007_youngmale-word-mäori-L2Y02M-02d mäori 
ym007_youngmale-word-mäori-L2Y02M-02e mäori 
ym007_youngmale-word-mäori-L2Y02M-06a mäori 
ym007_youngmale-word-mäori-L2Y02M-06b mäori 
ym007_youngmale-word-pöwhiri-L2Y02M-04 pöwhiri 
ym007_youngmale-word-rima-L2Y02M-02 rima 
ym007_youngmale-word-rua-L2Y02M-01 rua 
ym007_youngmale-word-rua-L2Y02M-02 rua 
ym007_youngmale-word-rua-L2Y02M-04 rua 
ym007_youngmale-word-rua-L2Y02M-05 rua 
ym007_youngmale-word-rua-L2Y02M-06 rua 
ym007_youngmale-word-rua-L2Y02M-07 rua 
ym007_youngmale-word-tahi-L2Y02M-01 tahi 
ym007_youngmale-word-tahi-L2Y02M-03a tahi 
ym007_youngmale-word-tahi-L2Y02M-03b tahi 
ym007_youngmale-word-tahi-L2Y02M-03c tahi 
ym007_youngmale-word-tahi-L2Y02M-06 tahi 
ym007_youngmale-word-tamariki-L2Y02M-01 tamariki 
ym007_youngmale-word-tamariki-L2Y02M-06 tamariki 
ym007_youngmale-word-tikanga-L2Y02M-01a tikanga 
ym007_youngmale-word-tikanga-L2Y02M-01b tikanga 
ym007_youngmale-word-tikanga-L2Y02M-02a tikanga 
ym007_youngmale-word-tikanga-L2Y02M-02b tikanga 
ym007_youngmale-word-tikanga-L2Y02M-06 tikanga 
ym007_youngmale-word-toru-L2Y02M-01a pö tü 
ym007_youngmale-word-toru-L2Y02M-01b toru 
ym007_youngmale-word-toru-L2Y02M-02 toru 
ym007_youngmale-word-tïmata-L2Y02M-03 tïmata 
ym007_youngmale-word-tïmata-L2Y02M-04 tïmata 
ym007_youngmale-word-türanga-L2Y02M-06 türanga 
ym007_youngmale-word-wairua-L2Y02M-03 wairua 
ym007_youngmale-word-whitu-L2Y02M-01 whitu 
ym007_youngmale-word-whä-L2Y02M-01 whä 
ym007_youngmale-word-whä-L2Y02M-07a whä 
ym007_youngmale-word-whä-L2Y02M-07b whä 
ym007_youngmale-word-whänau-L2Y02M-01 whänau 
ym007_youngmale-word-whänau-L2Y02M-03 whänau 
ym007_youngmale-word-whänau-L2Y02M-04 whänau 
ym007_youngmale-word-wä-L2Y02M-01a wä 
ym007_youngmale-word-wä-L2Y02M-01b wä 
ym007_youngmale-word-wä-L2Y02M-02 wä 
ym007_youngmale-word-wä-L2Y02M-05 wä 
ym008_youngmale-word-aroha-L2Y03M-07 aroha 
ym008_youngmale-word-aroha-L2Y03M-10a aroha 
ym008_youngmale-word-aroha-L2Y03M-10b karanga 
ym008_youngmale-word-aroha-L2Y03M-11 aroha 
ym008_youngmale-word-awa-L2Y03M-05a awa 
ym008_youngmale-word-awa-L2Y03M-05b awa 
ym008_youngmale-word-awa-L2Y03M-05c awa 
ym008_youngmale-word-e_noho-L2Y03M-05 e_noho 
ym008_youngmale-word-e_noho-L2Y03M-10 e_noho 
ym008_youngmale-word-haere_mai-L2Y03M-08 haere_mai 
ym008_youngmale-word-iwi-L2Y03M-01 iwi 
ym008_youngmale-word-karakia-L2Y03M-05a karakia 
ym008_youngmale-word-karakia-L2Y03M-05b karakia 
ym008_youngmale-word-kaumätua-L2Y03M-09a kaumätua 
ym008_youngmale-word-kaumätua-L2Y03M-09b kaumätua 
ym008_youngmale-word-kia_ora-L2Y03M-01 kia_ora 
ym008_youngmale-word-käinga-L2Y03M-03 käinga 
ym008_youngmale-word-käinga-L2Y03M-05 käinga 
ym008_youngmale-word-käinga-L2Y03M-06 käinga 
ym008_youngmale-word-käinga-L2Y03M-07a käinga 
ym008_youngmale-word-käinga-L2Y03M-07b käinga 
ym008_youngmale-word-käinga-L2Y03M-07c käinga 
ym008_youngmale-word-käinga-L2Y03M-08a käinga 
ym008_youngmale-word-käinga-L2Y03M-08b käinga 
ym008_youngmale-word-käinga-L2Y03M-08c käinga 
ym008_youngmale-word-käinga-L2Y03M-08d käinga 
ym008_youngmale-word-käinga-L2Y03M-09a käinga 
ym008_youngmale-word-käinga-L2Y03M-09b käinga 
ym008_youngmale-word-körero-L2Y03M-02 körero 
ym008_youngmale-word-körero-L2Y03M-06 körero 
ym008_youngmale-word-körero-L2Y03M-07a körero 
ym008_youngmale-word-körero-L2Y03M-07b körero 
ym008_youngmale-word-marae-L2Y03M-07 marae 
ym008_youngmale-word-matariki-L2Y03M-05 matariki 
ym008_youngmale-word-moana-L2Y03M-03 moana 
ym008_youngmale-word-mäori-L2Y03M-01a mäori 
ym008_youngmale-word-mäori-L2Y03M-01b mäori 
ym008_youngmale-word-mäori-L2Y03M-03a mäori 
ym008_youngmale-word-mäori-L2Y03M-03b mäori 
ym008_youngmale-word-mäori-L2Y03M-03c mäori 
ym008_youngmale-word-mäori-L2Y03M-08 mäori 
ym008_youngmale-word-mäori-L2Y03M-11 mäori 
ym008_youngmale-word-puku-L2Y03M-08a1 pö tü 
ym008_youngmale-word-puku-L2Y03M-08a2 puku 
ym008_youngmale-word-rua-L2Y03M-10 rua 
ym008_youngmale-word-tamariki-L2Y03M-04a tamariki 
ym008_youngmale-word-tamariki-L2Y03M-04b tamariki 
ym008_youngmale-word-tamariki-L2Y03M-04c tamariki 
ym008_youngmale-word-tamariki-L2Y03M-05a tamariki 
ym008_youngmale-word-tamariki-L2Y03M-05b tamariki 
ym008_youngmale-word-tauhou-L2Y03M-05a tauhou 
ym008_youngmale-word-tauhou-L2Y03M-05b tauhou 
ym008_youngmale-word-tikanga-L2Y03M-03 tikanga 
ym008_youngmale-word-tïmata-L2Y03M-05 tïmata 
ym008_youngmale-word-türanga-L2Y03M-02a tikanga 
ym008_youngmale-word-türanga-L2Y03M-02b türanga 
ym008_youngmale-word-waka-L2Y03M-06a waka 
ym008_youngmale-word-waka-L2Y03M-06b waka 
ym008_youngmale-word-waka-L2Y03M-06c waka 
ym008_youngmale-word-waka-L2Y03M-06d waka 
ym008_youngmale-word-waka-L2Y03M-06e waka 
ym008_youngmale-word-waka-L2Y03M-07 waka 
ym008_youngmale-word-waka-L2Y03M-10 waka 
ym008_youngmale-word-whare-L2Y03M-05 whare 
ym008_youngmale-word-whä-L2Y03M-07 whä 
ym008_youngmale-word-wä-L2Y03M-02 wä 
ym008_youngmale-word-wä-L2Y03M-03a wä 
ym008_youngmale-word-wä-L2Y03M-03b wä 
ym008_youngmale-word-wä-L2Y03M-06 wä 
ym008_youngmale-word-wä-L2Y03M-07a wä 
ym008_youngmale-word-wä-L2Y03M-07b wä 
ym009_youngmale-word-aroha-L2Y04M-01 aroha 
ym009_youngmale-word-awa-L2Y04M-11 awa 
ym009_youngmale-word-e_noho-L2Y04M-05 e_noho 
ym009_youngmale-word-e_noho-L2Y04M-11 e_noho 
ym009_youngmale-word-e_noho-L2Y04M-12 e_noho 
ym009_youngmale-word-haere_mai-L2Y04M-06 ono 
ym009_youngmale-word-iwi-L2Y04M-11 iwi 
ym009_youngmale-word-karakia-L2Y04M-11 karakia 
ym009_youngmale-word-käinga-L2Y04M-04 karanga 
ym009_youngmale-word-körero-L2Y04M-04 körero 
ym009_youngmale-word-körero-L2Y04M-08a körero 
ym009_youngmale-word-körero-L2Y04M-08b körero 
ym009_youngmale-word-körero-L2Y04M-09 körero 
ym009_youngmale-word-marae-L2Y04M-05a maunga 
ym009_youngmale-word-marae-L2Y04M-05b marae 
ym009_youngmale-word-matariki-L2Y04M-11 matariki 
ym009_youngmale-word-moana-L2Y04M-07 moana 
ym009_youngmale-word-moana-L2Y04M-12 moana 
ym009_youngmale-word-mäori-L2Y04M-02 mäori 
ym009_youngmale-word-mäori-L2Y04M-04 mäori 
ym009_youngmale-word-mäori-L2Y04M-09 mäori 
ym009_youngmale-word-mäori-L2Y04M-12 mäori 
ym009_youngmale-word-ono-L2Y04M-05 ono 
ym009_youngmale-word-ono-L2Y04M-10 ono 
ym009_youngmale-word-rima-L2Y04M-03 rima 
ym009_youngmale-word-rima-L2Y04M-04a rima 
ym009_youngmale-word-rima-L2Y04M-04b rima 
ym009_youngmale-word-rima-L2Y04M-05 rima 
ym009_youngmale-word-rima-L2Y04M-10 rima 
ym009_youngmale-word-rua-L2Y04M-05 rua 
ym009_youngmale-word-rua-L2Y04M-06 rua 
ym009_youngmale-word-rua-L2Y04M-07 rua 
ym009_youngmale-word-rua-L2Y04M-08 rua 
ym009_youngmale-word-rua-L2Y04M-09 rua 
ym009_youngmale-word-rua-L2Y04M-10a rua 
ym009_youngmale-word-rua-L2Y04M-10b rua 
ym009_youngmale-word-rua-L2Y04M-10c rua 
ym009_youngmale-word-tahi-L2Y04M-05 tahi 
ym009_youngmale-word-tahi-L2Y04M-09a tahi 
ym009_youngmale-word-tahi-L2Y04M-09b tahi 
ym009_youngmale-word-tahi-L2Y04M-10 tahi 
ym009_youngmale-word-tamariki-L2Y04M-02 tamariki 
ym009_youngmale-word-tamariki-L2Y04M-05a tamariki 
ym009_youngmale-word-tamariki-L2Y04M-05b tamariki 
ym009_youngmale-word-tamariki-L2Y04M-06 tamariki 
ym009_youngmale-word-tamariki-L2Y04M-11a tamariki 
ym009_youngmale-word-tamariki-L2Y04M-11b tamariki 
ym009_youngmale-word-tauhou-L2Y04M-11 tauhou 
ym009_youngmale-word-tikanga-L2Y04M-03 tikanga 
ym009_youngmale-word-tikanga-L2Y04M-12 tikanga 
ym009_youngmale-word-toru-L2Y04M-02a toru 
ym009_youngmale-word-toru-L2Y04M-02b toru 
ym009_youngmale-word-toru-L2Y04M-03 hongi 
ym009_youngmale-word-toru-L2Y04M-05 toru 
ym009_youngmale-word-toru-L2Y04M-07a toru 
ym009_youngmale-word-toru-L2Y04M-07b toru 
ym009_youngmale-word-toru-L2Y04M-10 toru 
ym009_youngmale-word-tïmata-L2Y04M-03 tïmata 
ym009_youngmale-word-tïmata-L2Y04M-04a tïmata 
ym009_youngmale-word-tïmata-L2Y04M-04b tïmata 
ym009_youngmale-word-tïmata-L2Y04M-11 tïmata 
ym009_youngmale-word-waka-L2Y04M-08 waka 
ym009_youngmale-word-waru-L2Y04M-02 marae 
ym009_youngmale-word-waru-L2Y04M-03 waru 
ym009_youngmale-word-whare-L2Y04M-02 whare 
ym009_youngmale-word-whitu-L2Y04M-02 whitu 
ym009_youngmale-word-whä-L2Y04M-03a whä 
ym009_youngmale-word-whä-L2Y04M-03b whä 
ym009_youngmale-word-whä-L2Y04M-03c whä 
ym009_youngmale-word-whä-L2Y04M-05 whä 
ym009_youngmale-word-whä-L2Y04M-12 whä 
ym009_youngmale-word-whä-L2Y04M-14 whä 
ym009_youngmale-word-whänau-L2Y04M-11 whänau 
ym009_youngmale-word-wä-L2Y04M-02 wä 
ym009_youngmale-word-wä-L2Y04M-03 wä 
ym009_youngmale-word-wä-L2Y04M-05 wä 
ym010_youngmale-word-aroha-L2Y05M-10 aroha 
ym010_youngmale-word-aroha-L2Y05M-11 aroha 
ym010_youngmale-word-awa-L2Y05M-01a awa 
ym010_youngmale-word-awa-L2Y05M-01b awa 
ym010_youngmale-word-awa-L2Y05M-07 awa 
ym010_youngmale-word-e_noho-L2Y05M-01 e_noho 
ym010_youngmale-word-e_noho-L2Y05M-02 rima 
ym010_youngmale-word-e_noho-L2Y05M-06 e_noho 
ym010_youngmale-word-hapü-L2Y05M-02 hapü 
ym010_youngmale-word-iwa-L2Y05M-04a1 iwa 
ym010_youngmale-word-iwa-L2Y05M-04a2 iwa 
ym010_youngmale-word-iwi-L2Y05M-02a1 iwi 
ym010_youngmale-word-iwi-L2Y05M-02a2 iwi 
ym010_youngmale-word-iwi-L2Y05M-05a1 iwi 
ym010_youngmale-word-iwi-L2Y05M-05a2 iwi 
ym010_youngmale-word-iwi-L2Y05M-07 iwi 
ym010_youngmale-word-karakia-L2Y05M-01 karakia 
ym010_youngmale-word-karakia-L2Y05M-07a karakia 
ym010_youngmale-word-karakia-L2Y05M-07b1 karakia 
ym010_youngmale-word-karakia-L2Y05M-07b2 karakia 
ym010_youngmale-word-kaumätua-L2Y05M-01 kaumätua 
ym010_youngmale-word-kaumätua-L2Y05M-11 kaumätua 
ym010_youngmale-word-kuia-L2Y05M-09 kuia 
ym010_youngmale-word-kuia-L2Y05M-10a1 kuia 
ym010_youngmale-word-kuia-L2Y05M-10a2 kuia 
ym010_youngmale-word-käinga-L2Y05M-06a1 käinga 
ym010_youngmale-word-käinga-L2Y05M-06a2 karanga 
ym010_youngmale-word-körero-L2Y05M-02 körero 
ym010_youngmale-word-körero-L2Y05M-03a körero 
ym010_youngmale-word-körero-L2Y05M-03b körero 
ym010_youngmale-word-körero-L2Y05M-05 körero 
ym010_youngmale-word-marae-L2Y05M-02a marae 
ym010_youngmale-word-marae-L2Y05M-02b marae 
ym010_youngmale-word-marae-L2Y05M-02c marae 
ym010_youngmale-word-marae-L2Y05M-05 marae 
ym010_youngmale-word-matariki-L2Y05M-01 matariki 
ym010_youngmale-word-maunga-L2Y05M-02 maunga 
ym010_youngmale-word-moana-L2Y05M-02 moana 
ym010_youngmale-word-moana-L2Y05M-03 moana 
ym010_youngmale-word-mäori-L2Y05M-03a mäori 
ym010_youngmale-word-mäori-L2Y05M-03b mäori 
ym010_youngmale-word-mäori-L2Y05M-03c mäori 
ym010_youngmale-word-mäori-L2Y05M-05 mäori 
ym010_youngmale-word-mäori-L2Y05M-08 mäori 
ym010_youngmale-word-mäori-L2Y05M-10a mäori 
ym010_youngmale-word-mäori-L2Y05M-10b mäori 
ym010_youngmale-word-pöwhiri-L2Y05M-02 pöwhiri 
ym010_youngmale-word-rima-L2Y05M-02 rima 
ym010_youngmale-word-rima-L2Y05M-10 rima 
ym010_youngmale-word-rima-L2Y05M-11 rima 
ym010_youngmale-word-rua-L2Y05M-02a rua 
ym010_youngmale-word-rua-L2Y05M-02b rua 
ym010_youngmale-word-rua-L2Y05M-02c rua 
ym010_youngmale-word-rua-L2Y05M-02d rima 
ym010_youngmale-word-rua-L2Y05M-04a rua 
ym010_youngmale-word-rua-L2Y05M-04b1 rua 
ym010_youngmale-word-rua-L2Y05M-04b2 rua 
ym010_youngmale-word-rua-L2Y05M-07a1 rua 
ym010_youngmale-word-rua-L2Y05M-07a2 rua 
ym010_youngmale-word-tahi-L2Y05M-02 tahi 
ym010_youngmale-word-tahi-L2Y05M-09 tahi 
ym010_youngmale-word-tauhou-L2Y05M-01 tauhou 
ym010_youngmale-word-toru-L2Y05M-02a toru 
ym010_youngmale-word-toru-L2Y05M-02b toru 
ym010_youngmale-word-toru-L2Y05M-05 toru 
ym010_youngmale-word-toru-L2Y05M-06 toru 
ym010_youngmale-word-tënä_koe-L2Y05M-02 tënä_koe 
ym010_youngmale-word-tïmata-L2Y05M-01 tïmata 
ym010_youngmale-word-tïmata-L2Y05M-04 tïmata 
ym010_youngmale-word-türanga-L2Y05M-02 türanga 
ym010_youngmale-word-waewae-L2Y05M-11 waewae 
ym010_youngmale-word-whä-L2Y05M-06a whä 
ym010_youngmale-word-whä-L2Y05M-06b whä 
ym010_youngmale-word-whä-L2Y05M-08 whä 
